1,17,2025-10-16 17:09:16.747325,"90622 Anthony Islands, North Brandonville, OK 80648",,PENDING
2,27,2025-10-16 17:09:16.747325,"127 Parks Courts, Bakerville, SC 47122",,PENDING
3,24,2025-10-16 17:09:16.747325,"2458 Jason Village Suite 248, North Donnamouth, ME 93087",,PENDING
4,57,2025-10-16 17:09:16.747325,"554 April Circles Suite 196, Tylerville, VA 60222",,PENDING
5,45,2025-10-16 17:09:16.747325,"5422 Hill Light Apt. 972, Floydchester, WV 51245",,PENDING
6,50,2025-10-16 17:09:16.747325,"2054 Sims Forks Suite 001, New Mark, OK 22130",,PENDING
7,55,2025-10-16 17:09:16.747325,"79204 Aguilar Shores Suite 965, Port Caleb, VI 70581",,PENDING
8,63,2025-10-16 17:09:16.747325,"32396 Carter Via Apt. 387, Port Davidland, AL 40824",,PENDING
9,50,2025-10-16 17:09:16.747325,"2054 Sims Forks Suite 001, New Mark, OK 22130",,PENDING
10,94,2025-10-16 17:09:16.747325,"6815 Christian Meadow, Westchester, VT 55275",,PENDING
11,29,2025-10-16 17:09:16.747325,"8289 Patricia Mission, Harrisburgh, PA 47416",,PENDING
12,26,2025-10-16 17:09:16.747325,"4647 Kristine Fields Suite 710, New Dakota, KS 00638",,PENDING
13,57,2025-10-16 17:09:16.747325,"554 April Circles Suite 196, Tylerville, VA 60222",,PENDING
14,27,2025-10-16 17:09:16.747325,"127 Parks Courts, Bakerville, SC 47122",,PENDING
15,76,2025-10-16 17:09:16.747325,"65659 Kirby Island Apt. 019, Rodriguezmouth, SC 29288",,PENDING
16,91,2025-10-16 17:09:16.747325,"56162 Lozano Stream Suite 426, Reneehaven, GU 16280",,PENDING
17,7,2025-10-16 17:09:16.747325,"5093 Jacob Creek, Cooperview, DC 04162",,PENDING
18,50,2025-10-16 17:09:16.747325,"2054 Sims Forks Suite 001, New Mark, OK 22130",,PENDING
19,5,2025-10-16 17:09:16.747325,"USNV Meyers, FPO AE 69327",,PENDING
20,30,2025-10-16 17:09:16.747325,"241 Conner Street Apt. 023, South Davidfort, ND 05883",,PENDING
21,82,2025-10-16 17:09:16.747325,"132 Joseph Mountains, Debraberg, ID 46457",,PENDING
22,11,2025-10-16 17:09:16.747325,"63340 Trevino Crossing, Brewerville, WA 74513",,PENDING
23,24,2025-10-16 17:09:16.747325,"2458 Jason Village Suite 248, North Donnamouth, ME 93087",,PENDING
24,47,2025-10-16 17:09:16.747325,"2017 Mcneil Isle, Scottmouth, VA 42613",,PENDING
25,8,2025-10-16 17:09:16.747325,"703 Wilson Roads Suite 892, Mccarthyfort, CO 89391",,PENDING
26,96,2025-10-16 17:09:16.747325,"USS Sanchez, FPO AP 38893",,PENDING
27,82,2025-10-16 17:09:16.747325,"132 Joseph Mountains, Debraberg, ID 46457",,PENDING
28,87,2025-10-16 17:09:16.747325,"1894 Theresa Circle Apt. 851, Stephaniestad, WY 82521",,PENDING
29,23,2025-10-16 17:09:16.747325,"69541 Katrina Garden, New Michellehaven, MN 20604",,PENDING
30,30,2025-10-16 17:09:16.747325,"241 Conner Street Apt. 023, South Davidfort, ND 05883",,PENDING
31,79,2025-10-16 17:09:16.747325,"726 Gerald View Apt. 592, Huangstad, SD 81293",,PENDING
32,39,2025-10-16 17:09:16.747325,"79294 Kevin Curve, Durhamton, MA 14034",,PENDING
33,79,2025-10-16 17:09:16.747325,"726 Gerald View Apt. 592, Huangstad, SD 81293",,PENDING
34,12,2025-10-16 17:09:16.747325,"4603 Leslie Summit, West Michelle, TN 95632",,PENDING
35,91,2025-10-16 17:09:16.747325,"56162 Lozano Stream Suite 426, Reneehaven, GU 16280",,PENDING
36,66,2025-10-16 17:09:16.747325,"11381 Tara Stravenue Apt. 910, West Sharon, OR 69273",,PENDING
37,97,2025-10-16 17:09:16.747325,"654 Valentine Plaza, Lake Pamelaborough, PW 53722",,PENDING
38,37,2025-10-16 17:09:16.747325,"6043 Jon View, East Tylershire, RI 78265",,PENDING
39,99,2025-10-16 17:09:16.747325,"420 Smith Ville, West Jonathonmouth, NE 55429",,PENDING
40,46,2025-10-16 17:09:16.747325,"21442 Lam Gateway Apt. 173, Ronaldmouth, FM 14040",,PENDING
41,53,2025-10-16 17:09:16.747325,"3236 Gonzalez Ford, New Juanborough, NY 13836",,PENDING
42,59,2025-10-16 17:09:16.747325,"67931 Shepard Extensions, Obrienland, AK 33461",,PENDING
43,7,2025-10-16 17:09:16.747325,"5093 Jacob Creek, Cooperview, DC 04162",,PENDING
44,81,2025-10-16 17:09:16.747325,"39637 Kimberly Pine, West Stevenmouth, NJ 07616",,PENDING
45,90,2025-10-16 17:09:16.747325,"15766 Peterson Roads, Port Davidland, ND 45241",,PENDING
46,67,2025-10-16 17:09:16.747325,"35091 Christopher Unions, Carlaville, ND 51823",,PENDING
47,86,2025-10-16 17:09:16.747325,"4604 Williams Plains, Camposshire, NC 44605",,PENDING
48,84,2025-10-16 17:09:16.747325,"19509 Beck Fords Apt. 879, Chelseabury, MO 97888",,PENDING
49,71,2025-10-16 17:09:16.747325,"9920 Candice Fall, Port Anthonymouth, AK 93360",,PENDING
50,95,2025-10-16 17:09:16.747325,"464 Burns Court Apt. 046, Cooleyton, MS 75324",,PENDING
51,56,2025-10-16 17:09:16.747325,"20865 Tiffany Island, Lake Nancyhaven, IN 34436",,PENDING
52,75,2025-10-16 17:09:16.747325,"14477 Joseph Springs Suite 747, New Amy, CT 55308",,PENDING
53,59,2025-10-16 17:09:16.747325,"67931 Shepard Extensions, Obrienland, AK 33461",,PENDING
54,63,2025-10-16 17:09:16.747325,"32396 Carter Via Apt. 387, Port Davidland, AL 40824",,PENDING
55,33,2025-10-16 17:09:16.747325,"704 Mcdonald Ville Apt. 204, Port Paulview, ID 64044",,PENDING
56,91,2025-10-16 17:09:16.747325,"56162 Lozano Stream Suite 426, Reneehaven, GU 16280",,PENDING
57,61,2025-10-16 17:09:16.747325,"05611 Michael Expressway, Stevenmouth, ME 38400",,PENDING
58,28,2025-10-16 17:09:16.747325,"184 Bell Shores, Moralesmouth, WA 88276",,PENDING
59,44,2025-10-16 17:09:16.747325,"990 Parsons Forest, South Charleston, PA 25156",,PENDING
60,35,2025-10-16 17:09:16.747325,"7841 Christopher Light Suite 634, Bonillaside, AL 82801",,PENDING
61,6,2025-10-16 17:09:16.747325,"6097 Ellis Courts, Osbornetown, AZ 78921",,PENDING
62,6,2025-10-16 17:09:16.747325,"6097 Ellis Courts, Osbornetown, AZ 78921",,PENDING
63,7,2025-10-16 17:09:16.747325,"5093 Jacob Creek, Cooperview, DC 04162",,PENDING
64,21,2025-10-16 17:09:16.747325,"08961 Sara Forks Suite 670, Clarkton, RI 35801",,PENDING
65,45,2025-10-16 17:09:16.747325,"5422 Hill Light Apt. 972, Floydchester, WV 51245",,PENDING
66,1,2025-10-16 17:09:16.747325,"9342 Lori Bypass Suite 711, East Sandra, MP 11019",,PENDING
67,38,2025-10-16 17:09:16.747325,"8836 Simon Trace, Bowentown, MT 73317",,PENDING
68,84,2025-10-16 17:09:16.747325,"19509 Beck Fords Apt. 879, Chelseabury, MO 97888",,PENDING
69,1,2025-10-16 17:09:16.747325,"9342 Lori Bypass Suite 711, East Sandra, MP 11019",,PENDING
70,18,2025-10-16 17:09:16.747325,"1168 Gary Fords Apt. 308, Port Trevor, MH 82204",,PENDING
71,9,2025-10-16 17:09:16.747325,"81160 Williams River Apt. 443, Port Ashley, ID 14323",,PENDING
72,55,2025-10-16 17:09:16.747325,"79204 Aguilar Shores Suite 965, Port Caleb, VI 70581",,PENDING
73,88,2025-10-16 17:09:16.747325,"163 Hayley Fords Suite 583, South Karen, VI 97729",,PENDING
74,29,2025-10-16 17:09:16.747325,"8289 Patricia Mission, Harrisburgh, PA 47416",,PENDING
75,78,2025-10-16 17:09:16.747325,"145 Roberts Common Suite 347, East Lindseyville, AK 44449",,PENDING
76,51,2025-10-16 17:09:16.747325,"936 Randall Park, Mcgrathfurt, AR 41129",,PENDING
77,72,2025-10-16 17:09:16.747325,"1461 Hull Route Suite 956, Lake Davidtown, FL 70328",,PENDING
78,29,2025-10-16 17:09:16.747325,"8289 Patricia Mission, Harrisburgh, PA 47416",,PENDING
79,59,2025-10-16 17:09:16.747325,"67931 Shepard Extensions, Obrienland, AK 33461",,PENDING
80,25,2025-10-16 17:09:16.747325,"32342 Andrea Glen Apt. 236, East Katherine, DC 76708",,PENDING
