1,tamaramorrison@hotmail.com,Gary Cross,"9342 Lori Bypass Suite 711, East Sandra, MP 11019",scrypt:32768:8:1$nLriL0spmj39VDZz$57852fc0b32c527c674271a14a2a3d65a7be3c1e734276c63a011258312b937524e7c73b5a3eb59d83555c361997014107bcc782e1ede2bb4f73b8048b02664d,504.94,2025-10-16 17:09:16.729119
2,qoliver@gmail.com,Madison Zuniga,"2087 Candace Squares Suite 345, Masseyshire, GA 91949",scrypt:32768:8:1$R3q5DmlT1sm1Fu1Q$ecadebc3ce6ac633937fd279b765e5144368e6c937601677a183390036c24565cf0f36cdfba572f55e74c72cd511fec80ceff67818c3a942275f76c95b9d9c5e,993.46,2025-10-16 17:09:16.729119
3,valeriemorales@hotmail.com,Shane Bradley,"089 James Rest, Port Kevin, UT 24385",scrypt:32768:8:1$CavVW3SqT7oCs6PK$28da96e91d60cc6f1995aca37afcb5f280e50b6ba2bbf4dc6cd510a4e7c7b5f5ece47b87eefca55cd0f1ff4d3296d54ca807068ddc76e518307df6710695a30d,551.25,2025-10-16 17:09:16.729119
4,garciaregina@yahoo.com,Andrew Nelson,"71760 Rogers Spur Apt. 296, North Lindseyborough, WA 29475",scrypt:32768:8:1$w6ZyONOEG7Yiej8E$872ee1ea613fd625f30bb096d5a99aaaa9705997f264825cf7dd3f28fae121e17c3d2630893680904377f2367b69a27b3d15a4e99837ea3c0aaa556e39e9fd47,53.06,2025-10-16 17:09:16.729119
5,amyvelazquez@gmail.com,Ashley Ellis,"USNV Meyers, FPO AE 69327",scrypt:32768:8:1$fg1GI6TM1Ap4flaU$4abf33aa29464e9e3a7630f8e6aa174ce78c721f7db2a8f31d2f12024f628f35ebaf0927a72076abe7162bcf23977f59e6ffce81db134d399a0a620d98c60303,339.36,2025-10-16 17:09:16.729119
6,fbutler@hotmail.com,David Hancock,"6097 Ellis Courts, Osbornetown, AZ 78921",scrypt:32768:8:1$v5s6Fdk6BMzNCktc$9e89d594a03c5e2692cb644850e5af23b670c1c732105e7b4c910b08c65e3e6c057353e199b6177daf3c336f6d4de056ab41359bdbe37b315fe04796905fc066,670.13,2025-10-16 17:09:16.729119
7,aaronhopkins@hotmail.com,Jessica Butler,"5093 Jacob Creek, Cooperview, DC 04162",scrypt:32768:8:1$ma4lS32MA4nRRJxe$376e0af1edb673b4e6b4b510497cc9832ea77bab47c731c44e148511c58e2f5027d67ec6bd62df7ca23a07744999626dbfe772707ef42d56e32a18ca1f404295,636.91,2025-10-16 17:09:16.729119
8,fwelch@yahoo.com,Edward Ruiz,"703 Wilson Roads Suite 892, Mccarthyfort, CO 89391",scrypt:32768:8:1$WNgQx7tXJ95vLUM0$4724719630054d2489a2aaebe53e43c609f9be19f974315bd2312b86bc3edd90f1887edfe47da39d0023f6ff06310601b5abf763575ffc51013c6ed696817809,530.75,2025-10-16 17:09:16.729119
9,juliewilliams@hotmail.com,Keith Taylor,"81160 Williams River Apt. 443, Port Ashley, ID 14323",scrypt:32768:8:1$S0FTM17ePSCKeiGB$0a43198a1cdba1ac27a690b8a876ae3c6f99941a47c26af93145fc8863d88d170c7e06ec9a3856b53be4ba8f2143fba04545b6ec11ef7a49dcfcdcb376cee0ba,397.55,2025-10-16 17:09:16.729119
10,mbecker@yahoo.com,Kayla Mitchell,"9191 Morris Motorway, Jonathanhaven, AZ 25421",scrypt:32768:8:1$4NIOtLJAD9uz5iKR$be5beeb8575d2e5c2c008b7823355896e4c057325c8bdd23d7ae105cd0e7856eee0ecd3ebb2ce77e2568432603bba27e017558d24374b0cabf0e638b41ac6368,624.68,2025-10-16 17:09:16.729119
11,qherrera@yahoo.com,Angela Simmons,"63340 Trevino Crossing, Brewerville, WA 74513",scrypt:32768:8:1$P8UtmDxMGluuxQHs$ba1562d525c892ce4970afd89384be36f677164ec894de8044fcae8203a7b32f8fac74e33e3db17ab60ed08d68dd1248ec651dfa12c2866d05a6ab5ea86b8896,469.30,2025-10-16 17:09:16.729119
12,tpayne@gmail.com,Heather Garza,"4603 Leslie Summit, West Michelle, TN 95632",scrypt:32768:8:1$MbuYOpT8xb3gXXQ7$e1f9631743bde367b98070226d4c45da15a44e0d36932bacbeff3f8f0e4cc570bb034707362ac037daf557cb9076f3adaf92b8081f326ae10dfe1e0a6b32e328,764.65,2025-10-16 17:09:16.729119
13,kelly27@gmail.com,Stephanie Newton,"4760 Moreno Heights Suite 089, Sarahton, NH 52282",scrypt:32768:8:1$Ga6DOQmlU8s3hiZw$38abe2a634cfa2bd0ea0eb3d94d877a2716b5a0595c22ea5b4b15117c868b1c5632fdb355600d11f8c9e829987f712d3d556e0a3d92bee5e151d5c77ba5864d1,286.31,2025-10-16 17:09:16.729119
14,rfischer@yahoo.com,Brenda Williams,"8885 Lee Tunnel Suite 208, Port Donna, WY 74331",scrypt:32768:8:1$hF6Gxus6AQCDdJcM$1f358c3b661ffd0511f744aee51ecc3a5a557f4fffc5d344c9b615a9aaa7c4f917efb36000ff110be2ae35cd07ff41b6319bcc2354d80a180b2918a249b72a54,661.50,2025-10-16 17:09:16.729119
15,kgomez@gmail.com,Tammy Reilly,"7820 Ashlee Key, Adamborough, VT 15025",scrypt:32768:8:1$nIGhvxKEPeZ57M2S$4b8d04d8685b237ff639b1892e0da1c628f96a579809cfad6134eed0cbacde253580fd14ffd3d046e435229c0d5a20371168c40f7b9375f42636f239f3d8e541,182.54,2025-10-16 17:09:16.729119
16,bradleybrewer@hotmail.com,Kelly Mckinney,"251 Brown Knoll, Emilyshire, PR 59960",scrypt:32768:8:1$ixoFxAHytrsYhGxp$30ffbd415d850361e52e48f768d2f74151cef4dad1e2b0ed9a96aee0802f1cab3cd044fbf7983398294667eaa816197cf056c36c56895a0fa761c86d47fbf1c7,369.41,2025-10-16 17:09:16.729119
17,natalieford@hotmail.com,Aaron Morgan,"90622 Anthony Islands, North Brandonville, OK 80648",scrypt:32768:8:1$wvCLzODzGRozUGMw$3ccd8cae2b174bf0935b060ae749a7fe276ad3737b7fd527f419440089326de88c62a1176ce8c7ea6abda1f7a799e68b6983da6fe055ef51dcc2bead9aadbb29,183.16,2025-10-16 17:09:16.729119
18,michaelanderson@hotmail.com,Gilbert Jenkins,"1168 Gary Fords Apt. 308, Port Trevor, MH 82204",scrypt:32768:8:1$kepmRgzOC4jpNS6m$57078f44209d3062ebe859209db66ea86b8bf5b7f909c9b0746d4cb02f1f6d903b7dcb8a68f48aa4840027fd8176cb99e99643031c82366c76e9b059fe526db8,990.64,2025-10-16 17:09:16.729119
19,lbaker@gmail.com,Heidi Sharp,"061 Cook Parkways Suite 079, West Marissafort, OH 85040",scrypt:32768:8:1$V3CvPmqZPNmhkhk1$5f29e5019fd3b31e7ef1da288a1246118147a3a5b4ec05ad3b99388c30071d233c4442eb2dc56dcb8816532a42206faad7387d5b2b65503f0c5d3be42baafe85,124.29,2025-10-16 17:09:16.729119
20,joannestuart@gmail.com,Brian Kennedy,"USCGC Keller, FPO AA 37581",scrypt:32768:8:1$lrw3CX9wshsJ8pIk$17c971bf5e39106f2cc64bf17107224e186936a40df761c73a387dd0aed4fb53960ea78cc045329b93620f44a69652574490bff722f1c258d113542211d8126f,810.50,2025-10-16 17:09:16.729119
21,andersonlorraine@hotmail.com,Kathryn Tucker,"08961 Sara Forks Suite 670, Clarkton, RI 35801",scrypt:32768:8:1$LJONjH2OzKQPUPd6$b3a5b5afcd340a20dc79e12bac9886c25bf3f46b6725c87f36ce1db2aacbac7dd1cfaf31327b3a864979662c6c2f9c5bf7897cf3db7ef4161ececc6ef228343d,328.34,2025-10-16 17:09:16.729119
22,michael79@gmail.com,Jamie Cunningham,"48102 Johnson Ways, Port Rachel, MS 89339",scrypt:32768:8:1$Q8nxIcFnZaURWsG3$bca612df0cf89a29b12fcc147f71c3950859fc705cffac6a2715b54ad03220b0748a7a62f39fc07596c0e27a6ba0e0ad376bd8c61335e2e14f05fca7c2242b4a,698.04,2025-10-16 17:09:16.729119
23,estephens@gmail.com,Nicole Walton,"69541 Katrina Garden, New Michellehaven, MN 20604",scrypt:32768:8:1$rfSPy5wTnjG6kq5a$cbff25a89b118c63e058b5826d382629da72754c6c4e506f8e583c713c840b56ff3aff4d0f5d5d5d84b1f95ea5dfb5fc5f4c9d379ac28d02c08d25ea72b38951,924.28,2025-10-16 17:09:16.729119
24,wendysteele@gmail.com,Kristen Martin,"2458 Jason Village Suite 248, North Donnamouth, ME 93087",scrypt:32768:8:1$gW0j7bo4S9c9OOrT$c48c53586e2eb78ca109c55494d50cbe4b6e2d8dd56fcae362b8888525934775023e9ff41068f6be5c043d3c7f170ebdea46826311c121ca44d38a87cfc6fba6,788.92,2025-10-16 17:09:16.729119
25,dterry@gmail.com,Michael Henderson,"32342 Andrea Glen Apt. 236, East Katherine, DC 76708",scrypt:32768:8:1$CmiwFvy1iGTPRbVE$0b2fad11f5d31c39dcc99f75ebb1b81dbb24ce102f88557405c2af2eae4ba1fb37e3afb52d687852163a86868100248a561054f2603479cc18b4871faf7e50d9,192.62,2025-10-16 17:09:16.729119
26,ryanbaker@gmail.com,John Gross,"4647 Kristine Fields Suite 710, New Dakota, KS 00638",scrypt:32768:8:1$OUkcVws5BmprRN1a$637569396ca6240bd140ab792183b0d95d8b7c3eb3ec3cbbae4c6949f87eb7ea0a4984a3bd62d234032a52a2a485be2dfd565e6c51df989c1abe3245a5b81a00,406.51,2025-10-16 17:09:16.729119
27,rmiranda@hotmail.com,Evelyn Hendricks,"127 Parks Courts, Bakerville, SC 47122",scrypt:32768:8:1$zobZtcA8yuFgYrRV$04ad611c13f09cf1541d53a14d04b8b266e6fc19a4296dbe509120278dfd5b91f6d7e680dfc7a6727cd8dc04b86f6286ab4627518bc1d57c70eeba6ad44408b3,129.45,2025-10-16 17:09:16.729119
28,eddie12@gmail.com,Arthur Watson,"184 Bell Shores, Moralesmouth, WA 88276",scrypt:32768:8:1$7CuwKKVGIgwk6RZ7$cfa01ba509dcbe47b6ed727b9c4c6b8a58fdc44ba0208dfe971daefd5d3d82faa30278cecd599e0037e2bce19ef40a2f932890bd004a8c4428cb48198c590879,956.60,2025-10-16 17:09:16.729119
29,vallen@hotmail.com,Alexander Gibson,"8289 Patricia Mission, Harrisburgh, PA 47416",scrypt:32768:8:1$qgFIypFeeviDsVTa$93b2e937ae5d78fd2b153407f001d0944cebbb37c7633eb4a7ee0c68f4586252f2e83b74661aec8058c24634e9bd4b99a622c72f7ea33253f49695bafce60491,96.65,2025-10-16 17:09:16.729119
30,ldickson@gmail.com,Sheila Mckinney,"241 Conner Street Apt. 023, South Davidfort, ND 05883",scrypt:32768:8:1$mVhUw425dUvHhmpO$e9ecbfc6e26dc3cdce551c5f96a446e3a2c8134a9d3ae453244e33dd9f60838d236b963ba9b44f2e5edd43f33407b51259f46393d653ca6b73a24c9cbe72b020,896.51,2025-10-16 17:09:16.729119
31,sandygarcia@gmail.com,Dalton Fritz,"647 Michael Trafficway Apt. 037, New Evelyn, GU 01420",scrypt:32768:8:1$wmLWHZg8Uyw5VMrW$ad2ac8dbd4d53a00a8dd127b2a46caa9268eddcd5e8c57e7256107362e0c45d49ed0b0c1e6e7d2f5453e81767c722ecaec6d8d192f8559b3aa919dabb2acb828,432.79,2025-10-16 17:09:16.729119
32,cgiles@yahoo.com,Angela Soto,"117 Abigail Burgs Apt. 749, Jacquelinefurt, GA 31642",scrypt:32768:8:1$QjhRbBaj1kG4s7OD$4d3de6cde638727806588dfd8a6ace172e97d3f2d0864b319b566a3a976c475cee01e9e30ccab30a943a2c866210d88c186acf63825b6b0bdd124da0e9192e74,618.84,2025-10-16 17:09:16.729119
33,joel44@gmail.com,William Delgado,"704 Mcdonald Ville Apt. 204, Port Paulview, ID 64044",scrypt:32768:8:1$Cq1z3AjJlPrMREna$e31a253cf42629d1d51845d2da5a21ee3f9aac93a6a72eee69cfc6cc52936bdd3ee198204f0cb32612594ec5aac8d2797defde43697ee45554447b914a88cec7,733.75,2025-10-16 17:09:16.729119
34,amy84@gmail.com,Megan Smith,"12722 Scott Village, South Janet, OK 04073",scrypt:32768:8:1$IebQ84MDAPqPE0TC$e7a0b9039582b323180e94d2fd04aa0635ed7a3a4b906c5fa948c2a24a870b0f5d237917425698f0ebed59d1a4f96c465c1f6d7449a7d8def06d5c88aaa70f44,131.99,2025-10-16 17:09:16.729119
35,vlove@hotmail.com,Tiffany Guzman,"7841 Christopher Light Suite 634, Bonillaside, AL 82801",scrypt:32768:8:1$qtVwZKfHIrL1nc7N$0a060e79b99d77c3fc9ba6f2ae382ea055e41371cbc4b09fd4a12699b0b4c5509b3f02ac53baeaa7b89f38bba56fad96270d2ad5fd9b5adb466193fa82bdf5da,463.72,2025-10-16 17:09:16.729119
36,webereric@hotmail.com,Douglas Yates,"208 Laura Club, New Kimberlyville, ID 13622",scrypt:32768:8:1$wLJD088SQPEAvbLy$876e98b7a54d0d498ca60fa79adfacf13745e7261d0d23521b9f7bb82075ccc3d5383b1aed11d0636628e60961630cb3d4c12039328b5816a86630a5f1010555,569.07,2025-10-16 17:09:16.729119
37,kimberly24@gmail.com,Frank Galloway,"6043 Jon View, East Tylershire, RI 78265",scrypt:32768:8:1$U0DA5K6eZt90JvRc$0192a770f37deba23e90bd42efbee8a0f4f97d2b154a8807736535bcb3f7ad44ba2528d7b32ff2c649ba8ed889b779d5e2091d5cd36a95df07c7fb7bbbceff8f,414.44,2025-10-16 17:09:16.729119
38,kingleslie@yahoo.com,Norman Day,"8836 Simon Trace, Bowentown, MT 73317",scrypt:32768:8:1$XGmbjeRoBic6rl2w$7a40aeb08f0a4bd48282c9b2f2feb1a904d95f3fe7d4007101dcc935244ede08a8f847a490cf9cd8c952faf47e2909d837611b1c854915c999b872f7d6623cc2,800.70,2025-10-16 17:09:16.729119
39,peckjames@gmail.com,William Crawford,"79294 Kevin Curve, Durhamton, MA 14034",scrypt:32768:8:1$6tKv2YDK6uqZHSNK$9abd358a5951127980aec3a8db2ed090316656a10393c0008f06ba96496aa0267cd99e7ecd31ce30933695967ee5d0e4eb9fb898aed23eacf0292123ced55a74,839.41,2025-10-16 17:09:16.729119
40,talvarado@gmail.com,Olivia Collins,"9141 Jay Summit, Meganfurt, MH 23058",scrypt:32768:8:1$Cu1lPcoKqhSDifM3$704dfbc79bfaebccd9b158eb70006528cc422e377f3c9222aea5b646497310a58ed025555e504a8519431f8946876899af1d73e865e9a0690c80c2a7974672e2,268.01,2025-10-16 17:09:16.729119
41,yolandabraun@gmail.com,Scott Lawrence,"720 Anna Brook, Port Monica, AR 42592",scrypt:32768:8:1$E1Dd89HZUi3rlAfO$ef1c3f2c8b4fbfcf0ca5995a9933cf3be8c7a4baaf589e7f4e4a778f54a03d6eee20f59369d4ecfa4544de0af063e6fb5c07e6969529964cd8295175dd642136,724.20,2025-10-16 17:09:16.729119
42,anthonybrian@gmail.com,Susan Owens,"Unit 1922 Box 9355, DPO AE 13057",scrypt:32768:8:1$w0gVQawaDNW1agd1$68051e46dd713e8d53172b4e587bfb7fe6ab24c51f1862ce396578c11137c6976e1671de8f59ffe3ad0db6da6829878edf0bab569b983d8650d7387687d409ec,625.22,2025-10-16 17:09:16.729119
43,erin71@yahoo.com,Kevin Murphy,"60712 Rivera Rest Apt. 770, Rebeccachester, AS 03995",scrypt:32768:8:1$nYMMKozjYDn7igMn$8b00be67c420f4191831b79f7fcde38ee73fda3de8ca26ad345682ae763879307103e0dffb0564d43d01a1005310047c410f6ee102819d86dc63b6389a17a0b4,580.24,2025-10-16 17:09:16.729119
44,tgalloway@hotmail.com,Theresa Gomez,"990 Parsons Forest, South Charleston, PA 25156",scrypt:32768:8:1$WHfIF8etQ9RAzpYK$9dc89de1e007c6f72aa7a33158357c0b7bbc8cfdd0aa4e48a837f0e415a0cc375fcb3cdf3fb04bd7f0721306df27ed8b317c35d9750b9baf518eccc54b3785ef,683.34,2025-10-16 17:09:16.729119
45,stephen29@gmail.com,Christopher Robinson,"5422 Hill Light Apt. 972, Floydchester, WV 51245",scrypt:32768:8:1$bGjVwiULi4aDfyzV$ba39b7e3ce616feccbc3eab117a699e4144966acc47027ad2159e72dd66b219d834b8bb36fd4c11068127aa92f3aabd2e76adfb6fb6a923e137a33f55238015b,341.43,2025-10-16 17:09:16.729119
46,williamdoyle@gmail.com,Miss Heather Lee MD,"21442 Lam Gateway Apt. 173, Ronaldmouth, FM 14040",scrypt:32768:8:1$i6EImcjBQ9Iz93LN$cd86b4936104c1edef08c1307add2aeebef8338de3d545de2149666087b48c9e2328644bd936614f192f8bbafdf764f45ab2226557b6a3a6fd0b181ceec0d98b,81.63,2025-10-16 17:09:16.729119
47,jeffrey95@yahoo.com,Mrs. Mary Johnson,"2017 Mcneil Isle, Scottmouth, VA 42613",scrypt:32768:8:1$vGkQKn3aDXYZr14o$7f901926852e985f2000065cc37f381b0a19bad2b2c2ee5ce52052266acd3ca2ca7457e561d26f1300df10a2dcbb35e3897f4ab4e66d4014ec208fb4223eab54,719.19,2025-10-16 17:09:16.729119
48,vfoster@hotmail.com,Keith Brooks,"832 Spencer Spring Suite 980, Duncanbury, MO 35092",scrypt:32768:8:1$bWeA1HbKei0eW32H$25cdb5af085717d87baea7a9ae9370f66ef7e069f0a10b95e835b74a573ed1e2dc9b0abbadaf72cf7c792c136a42950886dca6ea217a228a91ac2feefc77fa27,18.40,2025-10-16 17:09:16.729119
49,angelarowe@yahoo.com,Jennifer Griffin,"5247 Amber Hollow, Sandymouth, CA 46250",scrypt:32768:8:1$7F7dR8LQ1lPgtBVT$c38ae1afc669d9e26447a3de3c6d80b072008d8d9c71fd7518c66322ae173d21ac5df7f219a5d142d48843cbd5e8692a9dd8054f8804c3cb7878fbda0322742d,122.25,2025-10-16 17:09:16.729119
50,laurenallen@yahoo.com,Gavin Silva,"2054 Sims Forks Suite 001, New Mark, OK 22130",scrypt:32768:8:1$v64gOElcldUc6QLM$940b854cc4ab1902dc9c137b8da6c2f6a7e93bc125a6be769f1c783dbe3bcbd0d0214a34a172afe5589a0eb1ea16acf702d0a04d925e19383f4470cc997f060a,943.33,2025-10-16 17:09:16.729119
51,randallwendy@yahoo.com,Brent Hernandez,"936 Randall Park, Mcgrathfurt, AR 41129",scrypt:32768:8:1$txDpZ2Xz3mnrrXlO$c97c3c429e7d80428cc18f255c5fb6ee25ab56edcb6ce42e0a6ceb064d60f3db3184e106b315416a53b2ed68b2504427f3599eecca67726930d5fe716b3ea289,522.74,2025-10-16 17:09:16.729119
52,sharris@hotmail.com,Rodney Harrison,"23422 Clark Ports Apt. 012, Baileyport, HI 08507",scrypt:32768:8:1$s6naynwmWEx8Go99$cca8338071816754d2fc2a8e5a8141edf47360d1bd6981157a7d445e94933f881e97e1954726f4fcc29bd53adefba9922322243ed1c734a21e294430053f18c9,930.94,2025-10-16 17:09:16.729119
53,jenkinsmatthew@gmail.com,William Bass,"3236 Gonzalez Ford, New Juanborough, NY 13836",scrypt:32768:8:1$PIcscOUoF0thXZRT$f7598247a8e07289b636fbf5416441d614c09141e9ae34a615df70fe831f9b4a0942f6b2f002219ecd3cd8c4fefe42c4af63f1e4a20b56dce17c39c1ede4d705,875.76,2025-10-16 17:09:16.729119
54,carriecollier@yahoo.com,Michelle Brown,"98713 Fleming Port, Adrianmouth, VI 28252",scrypt:32768:8:1$9HP0vm9dUYdxS8vw$fb1c52819aebe01a3160caa6d70385b291a3e5b452167d8016bd7ce830f7b7f80bda11cbd07074eca7727b87a5ec7fefdd2fdfc10b9e732bc94f5330fe067db7,819.54,2025-10-16 17:09:16.729119
55,charlotte38@gmail.com,Tamara Sloan,"79204 Aguilar Shores Suite 965, Port Caleb, VI 70581",scrypt:32768:8:1$GrhdF5BS875kafIP$668316f572b4aa22494992f0b877a71ef4fd27b39a334aecda4b144f90eff41aa10348fd897d4b4b01dbfcb7dec952d572596e649dcb7960c1def7bab03c79f1,1.49,2025-10-16 17:09:16.729119
56,ramoskevin@hotmail.com,Tonya Andersen,"20865 Tiffany Island, Lake Nancyhaven, IN 34436",scrypt:32768:8:1$mmOVf8w3FmijU0o9$6dbd2a862c19d9f709dbe8e4ec4b42b75faf3c0fb88ca46a03d1760a46c4c069aa4eee03ac8e4e903409b7e38849d8539e384a951835155658024dcfb10b61c6,802.02,2025-10-16 17:09:16.729119
57,colonconnor@gmail.com,Cassandra Martin,"554 April Circles Suite 196, Tylerville, VA 60222",scrypt:32768:8:1$DZdBlCIeThYJ8qw9$2ea27ca9dbc406aed2a2cb3f0937d6f045316199cacb21983a25506d5b961260399ce8d129e239e7e207a9a9fe463388b140db743882336fb7668d3eec19eaae,646.94,2025-10-16 17:09:16.729119
58,osanders@gmail.com,Keith Ramsey,"093 Tucker Creek Suite 175, New Bonnie, WY 13756",scrypt:32768:8:1$W3GLJEcakETOC41Z$223b28b6df90bd036f64eca5639482453c272c64f6837280a8292b72d0e11ecab8c38399d6fa923853a02e6a2e4a9b58e8ac8f493898d37ed3abd24f8a91a9ee,436.64,2025-10-16 17:09:16.729119
59,cwilliams@gmail.com,Matthew Clark,"67931 Shepard Extensions, Obrienland, AK 33461",scrypt:32768:8:1$wI9iQ8C3dXvpGeKt$a55aa2bf95a5571b243216862bd7ce274afa6322a847de979bd0a039fc0a7fac0e2a59cf25abd407c1fda39ae840d376652f54f7b8ba0a4cac4029184d9beea7,319.69,2025-10-16 17:09:16.729119
60,karenbrown@gmail.com,Toni Mills,"14470 Rodney Greens Suite 991, New David, MN 35533",scrypt:32768:8:1$zixyD5b5n3sct927$0cfb3e88ce6e87cf900107ef4c30972b652c1f805404d01176fe75b4e48dfcd28bf7ab8b4a4ac33856bdb7264507b3082fbf20c40642d53bb0bc69087110cac8,957.19,2025-10-16 17:09:16.729119
61,jennifer33@gmail.com,Tracy Shannon,"05611 Michael Expressway, Stevenmouth, ME 38400",scrypt:32768:8:1$cbmuWgwlWD40o92d$498836b9f17b96b196f854f4d00e1ca6dd800b508ea98292e99798b9227071a64a104ddf695a26f34ddfcda0be52b19cf664bd63b9895220c40283257c690593,426.25,2025-10-16 17:09:16.729119
62,wagnerbrandon@hotmail.com,Angela Tucker,"759 Kathleen Ports Apt. 777, Rogerton, AZ 96563",scrypt:32768:8:1$8VEzNMfOjSB8FHwz$210750ba9316658f2c0cc725cd185788e8eee267158305c1bd5fca30af544bb8c0098f47daff19d5ffd8c58414aaa95ca08a5a9d76c896b7e8dde01dda1961cf,922.27,2025-10-16 17:09:16.729119
63,bflores@gmail.com,Dennis Howard,"32396 Carter Via Apt. 387, Port Davidland, AL 40824",scrypt:32768:8:1$BvAeZBkXqKxFhR7i$36652ff2d6aa1e67596153fd446b04bdd454d0ff5ace5cf133b5d4824911f59918806a486cb3347dd56eca1eb6d0e6a49bdeb64dd61cafb8ce6b05a755d41c2a,82.55,2025-10-16 17:09:16.729119
64,williamsmith@hotmail.com,Julie Gordon,"7498 Kelly Gateway Apt. 733, Lisaborough, PW 75402",scrypt:32768:8:1$b8GHzP2W2Ob94Wxz$0cc955f61fbf157759d07c8a6ecff8ffb9147d19c08262f716feaea66dede64ca5d6ae7701044fb0de73c3127c07528ca51e3eb6529780e20ed376f6c2eeaee4,250.43,2025-10-16 17:09:16.729119
65,crystalwoodard@hotmail.com,Justin Sampson,"1055 Hernandez Harbor Apt. 172, Ferrellport, SC 67367",scrypt:32768:8:1$gGfhku7fz8kcdGkA$63247e76b4b5076c8c339427ee43f34e3bc95152d38ede61dc3ebd1e4cd318d4d6a1b72bc5795edac8d5a5f51229f873db6ee3e114f45ca6427f9ccfd82bc59f,743.84,2025-10-16 17:09:16.729119
66,nicholaswilson@yahoo.com,Richard Stewart,"11381 Tara Stravenue Apt. 910, West Sharon, OR 69273",scrypt:32768:8:1$vtVQnH0S5o8pSj14$94ea475c0655267b43e002b4eeaf27623342bbf9ef7a123359acbf8dd241e2a9ce04a20ffdd4bcb60a243f10e24014886e91bf4889fd3f36d6c4274314c80b91,290.59,2025-10-16 17:09:16.729119
67,kristine84@gmail.com,Joanna Kim,"35091 Christopher Unions, Carlaville, ND 51823",scrypt:32768:8:1$9IyLZEF4hvoIXbgj$85cf42ff1c9b17d980b1f09ef4ee82e0f26d36aa03a2862a48cf351916463cb784c0951c736564314ac572121fa78d77e4bb7c5068dc7a14b7efb5bc6fdfe795,312.75,2025-10-16 17:09:16.729119
68,hamptonterri@hotmail.com,Jack Stephens,"52057 Angela Ridge Suite 498, East Elizabeth, NJ 15619",scrypt:32768:8:1$WrXLtDxYlWK2XgMH$ffee31f047206872f18750bde4f038e6afc0cfdbd286ae12c0344ec526dbfddb657e0143ec3f038349b17c71c55cecc700031bde95e4a7bc69fc979297f56611,186.77,2025-10-16 17:09:16.729119
69,marydaniel@yahoo.com,Tonya Jacobs,"734 Johnson Lakes, Tiffanyshire, KS 31092",scrypt:32768:8:1$YHg1lpbJ7bSPcJJL$e4d4a2a4735d2fc0fe2e080bbc5246e79b4a6b4c3e25b34df81124666896b4bcbfa7e360fbfce63684dd6f456f781bd007008561d027336435d670ec864f4821,711.70,2025-10-16 17:09:16.729119
70,tammy52@hotmail.com,William Collins,"05771 Green Curve, Barryborough, NC 38824",scrypt:32768:8:1$ZORDMv3S4LJuD5xk$d9884b9965829b8b35f8633f1e7b8b856550726721a41cb5ff1c4dfb6fb5d442905ece04d9ce1e0cd7f6d16e76b39f70bb8da93bebd25966de0c937813b28c68,587.16,2025-10-16 17:09:16.729119
71,scottalexa@gmail.com,Diana Woods,"9920 Candice Fall, Port Anthonymouth, AK 93360",scrypt:32768:8:1$8221VKTITeHfgBKr$d5a488900ba28e7c698299d5ae6a8bda5ff4d17e14fad60d9a2fa838bc871ab415fc4bcb695ded240929478420088d374fb5b4231ff53e0a903197cdeadb74a6,119.55,2025-10-16 17:09:16.729119
72,petersonkimberly@yahoo.com,Kimberly Park,"1461 Hull Route Suite 956, Lake Davidtown, FL 70328",scrypt:32768:8:1$F9A7VhDc2fmovwZ3$63314cfff2cdcf84c7eaefbfff86ed64dbc61b4d026acf4c50572fcd74e92ce4057748e32f6ffd0e715a57353efbe56b45d22801d8278dcc1c3e31a05e4f8736,105.44,2025-10-16 17:09:16.729119
73,lorimccullough@hotmail.com,Edward Andrade,"Unit 8300 Box 4962, DPO AE 30596",scrypt:32768:8:1$PLzR3EfLsoiAuOsx$e55c88c0e6070d7dfa7af80ce8891074040680447ab347feaedef782eb42dc3d6e1e0f365ed773fe035bb98a1b7abd69f2e73af154d26c46e5d63ade3265b4d2,419.50,2025-10-16 17:09:16.729119
74,claytonperry@yahoo.com,Kevin Edwards,"10723 Duncan Corner, Lindaview, MA 56278",scrypt:32768:8:1$7t0jfLNS0lCBQrU9$0cf18e49afd5c8a04d56c0eaf437bb1c22a22639d7b68ef513702f03fcbe88f785b1b4f55f0dc9cbbb5729075285e9d649d2d7c7ac412d65e4f43e434d06a4c6,665.76,2025-10-16 17:09:16.729119
75,jacksonandrea@yahoo.com,Barbara Bennett,"14477 Joseph Springs Suite 747, New Amy, CT 55308",scrypt:32768:8:1$KZvjXDYqg37ctLrp$e090c960eade93d329298488520ed7238510c6013fa794f299d2180ce1fe572fd0e6534c603d08690e6baa943c35ad856424a60042b93c596f320bdd340f65d7,641.31,2025-10-16 17:09:16.729119
76,sharris@gmail.com,Matthew Forbes DDS,"65659 Kirby Island Apt. 019, Rodriguezmouth, SC 29288",scrypt:32768:8:1$JW7NXWrMoxdNbUHE$681ac3c692cd8c1ddc22be1e5b5252dcf2ec9ae8481b098b199cf20d8341e76c2b3db321422df4d41a1d464bf9f5ba816c1c6274846750e753af2bac9a25bbb6,142.94,2025-10-16 17:09:16.729119
77,noblemelinda@gmail.com,Angelica Daniels,"0205 Mitchell Throughway Suite 520, Frankmouth, NV 16272",scrypt:32768:8:1$21D6SNAN8A9TYSvh$db0f8de0cb7eea11560e24f504ac969530f77dd4d14765708f981e3d320fcd3ad79439d4cf5bf51281b33c558f7295e756d1d4a0f9d0cdc8974c365efeb0e33c,395.11,2025-10-16 17:09:16.729119
78,jkennedy@gmail.com,Rebecca Sandoval,"145 Roberts Common Suite 347, East Lindseyville, AK 44449",scrypt:32768:8:1$M2BSnLeRTjYwWWzF$311a52fd23d9a0f0d4c8fba3698340316b40e97422dd33067629f3a700d163f358009e2ac142c05cd35b667b6ca7b2f96ea9bda110b478b488ec7f1935fce85d,722.55,2025-10-16 17:09:16.729119
79,shawnharris@gmail.com,Bryan Scott,"726 Gerald View Apt. 592, Huangstad, SD 81293",scrypt:32768:8:1$56yWvdTEXUCRXRmb$c16ee0d5c7234a6fce22103d1187bb0a46571547a569fde68d6c8509753041f9128ebf5aed2f6250b711b758ac703dd2b697c6c829982036de3c9b22f6ba1c94,381.53,2025-10-16 17:09:16.729119
80,michelehicks@gmail.com,Laura Johnson,"47806 Ryan Motorway, Port Karen, MS 05623",scrypt:32768:8:1$EPXQdu5KfazIyhQy$325d5113c063b76d5de95f247bf384b9ab1a3f8d2d640f82efb4ece9a01175fc3d423efd4f9e3c13e522ad3bab4e98b99eb438be8fa96e0197329e812234c84a,926.10,2025-10-16 17:09:16.729119
81,jwarren@hotmail.com,Larry Mahoney,"39637 Kimberly Pine, West Stevenmouth, NJ 07616",scrypt:32768:8:1$yW59yzhZaKkq07P5$80aec4cddd29e60df15d4c1e21f494cb6f6c63a398f11d0e559b301f53685efd94737c65f8371df5e499964ce34e24d2dbb1ce15343e6eda6e25fe756363adeb,163.59,2025-10-16 17:09:16.729119
82,lisamcdaniel@yahoo.com,Patrick Bryan,"132 Joseph Mountains, Debraberg, ID 46457",scrypt:32768:8:1$O0nAGXA0lKjuQ7Pl$10c39362564655441d4b9a727c38eb4e72d01fd7efade7cc58ea68e36a151f677e39021333abfa83a4661534f1784a4c8940cf0ea15805331afe5cef3a7c1379,717.54,2025-10-16 17:09:16.729119
83,vsalas@hotmail.com,Melinda Colon,"814 Matthew Mount, New Tony, PR 11416",scrypt:32768:8:1$GwsMm3IlkAplYBn7$92e002e610b8be4971a9aefb2504f325461a9584ae9f02779bf1c7f7c243432c97a5f1ad4018cbc412a545312fd4d654cce2f77eeab46c80520c323906c2ee3a,436.14,2025-10-16 17:09:16.729119
84,vincenthill@gmail.com,James Robinson,"19509 Beck Fords Apt. 879, Chelseabury, MO 97888",scrypt:32768:8:1$0uwSlmzKxPUs40qm$9dadf53454122ae7092b2d185d8724e6bda885ff59f489dd2d7456816dee1bc54b39f99f7da61857bcea0da8462d6b6e104cd786b4c678ec7c86b06542ec5505,708.16,2025-10-16 17:09:16.729119
85,rodriguezthomas@yahoo.com,Gary Martinez,"63888 Lopez Squares Apt. 778, Victoriahaven, WV 92298",scrypt:32768:8:1$iX0Rimdj6dIIahkk$43c7a7e32b73c25c94855b1e655872c6b96e3c1bdbf568eaeb80a77d30e12708da3a68c047677e3359bebe868d665ae2c4e8cacf391e1fd69e63a42b511518b8,266.34,2025-10-16 17:09:16.729119
86,shelleybird@hotmail.com,Scott Martinez,"4604 Williams Plains, Camposshire, NC 44605",scrypt:32768:8:1$q2T6a3cVyXvfmG8x$8b9bdfa2b6708972a1b9fd991ecfd9d68558f1cfe28303f31da56a191357e962e2d3b32c978eb9e7a613b6863795976158e36ee4c542f95136cec679b3ec0d60,790.60,2025-10-16 17:09:16.729119
87,christina00@hotmail.com,Stephanie Montgomery,"1894 Theresa Circle Apt. 851, Stephaniestad, WY 82521",scrypt:32768:8:1$Y1xA5jKyT1SpGqwr$b39a25bbaf33ed443614272f9c26ccd0ba149d821f372f2e32bfd3ecb075f2dd52e5eee7dade34ebca09246ec33b0b30996f914ac8927f943db7b8b45493ebc9,717.26,2025-10-16 17:09:16.729119
88,danielle56@hotmail.com,Rebecca Reyes,"163 Hayley Fords Suite 583, South Karen, VI 97729",scrypt:32768:8:1$7ZsRc2wHnaCmE0Ov$8d2f6f909b8fd89399c68f1702533df943ba688e5b0ce9cc04bf408c46ac56d496953c28e000792f4a46d37aee49a1f4fb635605c09440e97559d96d7a9c59ba,770.20,2025-10-16 17:09:16.729119
89,daychristopher@yahoo.com,Charles Beard,"28158 Hannah Field Suite 260, Johnland, AL 59755",scrypt:32768:8:1$s1M9eAGNIKrU5cHx$4d2cef2c4ccb48b1ed7d8bbd614db958614b2f4a309fcc3ffb9dfd2a8ba96e5d09fd2eb2139add11d9584e3fe836b8088655a7a4b700ac3cf238cd89cb81fcdf,377.03,2025-10-16 17:09:16.729119
90,goodwinamy@gmail.com,Kayla Hicks,"15766 Peterson Roads, Port Davidland, ND 45241",scrypt:32768:8:1$7DsuBtnhdRghvsHB$05662f2dfb843396c3629dc65c3bf368e39fc62538a1f76caa7d84a2b532da9e8d998f0adc49a1d00a1f4f143804afd499c76ead261946f6bf9631ad6e7c7868,583.25,2025-10-16 17:09:16.729119
91,lbush@yahoo.com,Jeffrey Robles,"56162 Lozano Stream Suite 426, Reneehaven, GU 16280",scrypt:32768:8:1$yBOmW1eeTpGCEI7W$764c20d1a3237073f71a65881c50d5e66ae951dadc454f168068ceb0b454bab5321bf6eb936d862718059c0ab366eb2bc0fc825607530fcebb5096cf370af631,120.10,2025-10-16 17:09:16.729119
92,jordanmendez@hotmail.com,Matthew Ruiz,"86330 Mindy Radial Suite 343, New Carrieland, NM 35786",scrypt:32768:8:1$hjcCXm0DPC5kDAQQ$4406266011a434480a00615336547b4ed4083814206b46df72cb2f630ed6037f9a4906f896bc37a26e590250a1dcfc4dfb6b7e16676370eacbf66829b6d458b5,781.56,2025-10-16 17:09:16.729119
93,ggregory@gmail.com,Rebecca George,"01800 Alvarado Lake Apt. 378, New Jamesport, ME 04351",scrypt:32768:8:1$aOYwHhFv9EpcQlJg$594eb2e9aa734a8c073ed77c8b491b368e10c1c01619b60fd24c2d32b803914c66d9611f1dca6ed75193b24b51ca32847b2f927cbf85ad2faf323802e341dc5c,504.49,2025-10-16 17:09:16.729119
94,james98@yahoo.com,Christopher Dodson,"6815 Christian Meadow, Westchester, VT 55275",scrypt:32768:8:1$nvb6vbjj2uVepkPU$a2ad87037638161213eaa02cde4f3ce8640462d083728a46101d542ffe757356c89bd527cc3f66a03e9e6fb961f8128719d7f89da2fdab3602763edf47284b3f,415.55,2025-10-16 17:09:16.729119
95,xharris@yahoo.com,Douglas Yates,"464 Burns Court Apt. 046, Cooleyton, MS 75324",scrypt:32768:8:1$lBZb8Dme1hM9QcHj$5a9ed563385215b2aa92b5fbd60b8687fb9aac687e90fa5c729fdd3cfc105093f4746d53372bdd36c2697d8000905cd7ef075ed31253c597b74786f537c9a1fa,754.51,2025-10-16 17:09:16.729119
96,wbyrd@gmail.com,Christopher Simpson,"USS Sanchez, FPO AP 38893",scrypt:32768:8:1$W73I6gtb3Hr6aVlj$cee3997d328a87e09be10386643f8ec06efcfc64e65469a8d4fea2041892f6327d4c8e5412678f879fe264eab013cb0808f8b4b95cb6354593d88da683659674,317.33,2025-10-16 17:09:16.729119
97,tammyodom@gmail.com,Michael Murray,"654 Valentine Plaza, Lake Pamelaborough, PW 53722",scrypt:32768:8:1$DVrDFownTbcgTSnG$9d13abbee5fd78ef6c2d758d8abc97a0848fb2c41ad9e95100df946a79feb00f4f6959f86b3242109c1fb6609d861f7d9dddb47fc2061b7855aacd76307133de,380.54,2025-10-16 17:09:16.729119
98,leslie39@gmail.com,Rebecca Morales,"402 Cox Pass, Tinachester, WA 58419",scrypt:32768:8:1$ZHpxSNCISKHnXzhX$595f80959ad521a9a63ca10d9459d5bcbf0ecc811f8ed4d3e638f6a67c69c930e4e5f51a7efc55f7e38599a85009f5fa25d22c82b05f165252eccb7922a8f77a,241.00,2025-10-16 17:09:16.729119
99,edward11@yahoo.com,Nicole Clayton,"420 Smith Ville, West Jonathonmouth, NE 55429",scrypt:32768:8:1$NAV095Z8BlLq5Gsz$9567f9123724045b99745620f93470f5263ec99789984176e33aa03085ebcd76396893865f7af38b2452dfb6e2f053eaa4a6beae0f7b3a5f8767e2cdd12bace3,248.23,2025-10-16 17:09:16.729119
100,jasonbell@gmail.com,Katie Pearson,"25402 Cardenas Club Suite 883, Frederickbury, NV 84785",scrypt:32768:8:1$mxW3hlu370vHQEfW$7dfdfcbedd9d882abed0383d839169a8840235a75efbb7fb52fe436a179455e4499ff5e5d1f34b1b9ea8dfd21f11a6f59ba37d323d7b1229fc25cc53d45d7da6,244.75,2025-10-16 17:09:16.729119
101,awefewaf@gmail.com,afaf,"Duke University",pbkdf2:sha256:600000$Y8AnQLGRhDn7oiHs$9831d9214b00a2ec502b60798e31c07bbfd1dc46a36a70ffa101acae6384e612,999.00,2025-10-16 17:14:10.046637
