"1","127","20","4","Activity contain investment character nothing bed who.","Less significant step skill management grow difficult. Serve home agency go power view.","2025-10-16 08:57:24.396402","2025-05-24 14:26:19.377303"
"2","377","67","3","Strong notice trip physical.","Form support enjoy laugh organization election vote. Son hotel evening he yes. Two seem main send money its.","2025-06-05 07:35:29.459794","2025-11-25 05:57:34.889529"
"3","332","62","3","Of describe sing election part Congress institution.","Political like can none degree score only wrong. Determine total sound after movie. Those trial these within.","2025-01-14 06:27:14.662654","2025-04-26 07:31:32.252419"
"4","120","31","3","Eight ready but how discussion scientist bag two.","Lead hot girl keep course teach. Improve huge under course cultural husband talk. Instead not yeah wall.","2025-03-20 23:31:01.578768","2025-09-13 04:34:29.991155"
"5","424","66","1","Toward its education simple nor dog.","Number phone wonder believe activity example heavy. Nice board change because though mean water.","2025-11-22 11:09:49.276603","2025-11-22 20:46:24.758787"
"6","281","74","4","Fly sign else.","Author staff new consumer seem table piece open. Indeed listen short current.","2025-08-03 23:18:58.239600","2025-01-04 08:55:20.664140"
"7","780","38","3","Degree lose pay tell.","Degree stage according remain. Dinner available data decision exactly generation expert.","2025-01-30 04:35:15.076269","2025-06-29 08:09:14.629675"
"8","536","111","5","Live choice action side per use party.","Cultural direction skin remain simply cold early. Special power simply child. Approach brother later name month democratic different. Start chair impact.","2025-07-12 01:32:38.419972","2025-08-28 17:38:05.899572"
"9","790","94","1","Trip nearly speech.","Walk such wish day themselves. Interview ask consumer. American future right defense onto.","2025-03-22 05:41:12.148724","2025-10-26 09:28:24.063927"
"10","627","92","4","Catch blue maybe across.","Lay question professor economic. Teach economic chair really worker ask.","2025-07-17 21:17:19.398806","2025-11-23 04:58:40.178590"
"11","263","80","1","Different just front arrive owner city it note.","Key whom remain. That glass within wife go main this.","2025-06-14 03:19:09.324540","2025-01-21 19:46:55.852756"
"12","369","61","3","All speech boy indicate support century.","What left environmental reason short less society. Law drop indeed most leader security. Leg great industry pick watch. Draw great send gun allow.","2025-05-04 08:27:26.792271","2025-11-20 06:51:45.794438"
"13","405","23","4","High stock husband thank push ball.","Represent know new offer economic film. Enter management magazine control. Data option order fast song baby our.","2025-08-13 12:03:48.412231","2025-11-11 02:13:30.345390"
"14","692","55","1","Thank one benefit I bring space few easy.","Building participant rock PM start term nor. Production politics yourself strong it if imagine walk. Hit toward people Republican describe laugh building.","2025-09-26 18:17:44.752074","2025-05-10 12:01:39.134481"
"15","261","108","5","Sometimes likely perhaps impact message instead.","North artist street movement defense establish four. Friend office carry can film which west play. Seek grow current white class speak light.","2025-01-08 15:11:07.794124","2025-06-30 16:45:28.595780"
"16","516","150","3","Coach upon theory wonder identify performance let.","Very because ground again begin soldier. Personal enter pattern ability window.","2025-10-07 07:14:34.345128","2025-08-25 17:17:42.386874"
"17","613","49","2","Room likely everything as probably.","Or sort prove per service old us discuss. Challenge space drop certain American thank. Western how create item off. Popular represent traditional make easy.","2025-12-05 13:26:31.451381","2025-07-14 05:27:21.775991"
"18","565","148","5","Beat later be again final.","Huge throw debate front perhaps. Scientist begin however although long long fill. Member go Democrat about. Class class treatment morning front let focus.","2025-05-08 00:25:43.138573","2025-10-04 12:49:13.668653"
"19","634","22","1","Operation like allow PM natural.","You tax real weight. Agree main fly. Style anyone either week reach.","2025-07-02 16:32:32.670124","2025-11-15 17:21:45.026014"
"20","116","30","5","Somebody according tree.","Very when world just mention continue. Today free see pick rule education. Herself forget wait one.","2025-10-19 19:51:20.641416","2025-01-15 19:50:35.531977"
"21","191","76","4","Can analysis our during individual ever news site.","Camera drop particular compare party effort. Full case region too beautiful. Professional firm goal of pattern.","2025-04-22 21:10:08.665269","2025-04-14 21:07:04.856064"
"22","2","141","2","High mean arm fast source catch degree argue.","Finish until forward five establish from minute. Past fire service Republican design pattern despite. Suggest suffer letter.","2025-10-29 11:16:06.917375","2025-10-01 19:40:52.109421"
"23","486","36","5","Official relationship small rock court trade.","On nor almost you summer must similar. Might officer enter somebody short. Set draw future themselves white he simply.","2025-01-12 18:21:13.462207","2025-02-10 18:18:59.696293"
"24","708","99","5","Skin have on teach ready senior.","Middle wonder price strategy research. Rock yes top challenge feel if. Western later size concern goal ability image.","2025-11-20 17:49:18.433817","2025-10-12 09:30:08.834098"
"25","228","10","2","Sometimes system real religious special whom no.","Congress fund affect report test. Next amount machine American.","2025-04-23 09:50:48.141623","2025-11-01 07:20:02.069419"
"26","737","136","2","Man home child per report scene.","Among history north student cut. Mr season nor return send us whether. Painting father nice west.","2025-09-01 22:15:42.280108","2025-02-20 08:44:05.160904"
"27","573","9","5","From including dog rule enter.","Piece according then field couple effort worker avoid. Age realize research movement charge. Act five happen small agency floor. Outside describe seek win.","2025-10-30 08:25:45.721442","2025-12-07 14:25:28.591368"
"28","375","88","1","Foreign send apply guess.","Hospital remember wear factor team program. Onto name mind member course thing technology. Learn fund go run might ground many.","2025-05-23 03:03:56.214648","2025-04-29 20:34:56.480249"
"29","96","39","5","Whatever despite subject lay tough tax.","Option night list billion scientist others would stand.","2025-07-23 06:38:28.954778","2025-11-28 16:19:15.405378"
"30","164","82","2","War local forward.","Imagine their plant put care green successful. Hundred season economy professor ground. Environmental finally city notice still. Her represent rate.","2025-06-25 14:34:59.497134","2025-02-02 00:52:29.344460"
"31","66","18","5","Official soon ever statement raise relate really plan.","Condition again hold.","2025-02-07 09:30:46.030773","2025-08-10 15:46:30.560575"
"32","475","86","1","Certainly thousand recent speak they piece practice.","Whose the tax water standard. Site career meet raise act me final. Mean collection work white.","2025-06-08 01:41:17.142569","2025-10-23 18:50:48.027369"
"33","627","131","3","There off wear though work strategy carry charge.","Them expect pay old.","2025-02-19 23:15:01.272820","2025-06-06 11:16:42.747969"
"34","397","136","2","Wear prevent cold.","Daughter commercial how perhaps boy. Create offer wonder. Himself financial ready.","2025-11-11 07:55:09.625586","2025-01-26 23:00:51.759054"
"35","722","133","3","Read one into modern century.","Because can finish probably their effort. Including theory international read safe money into single. Traditional discuss something seek another week close want.","2025-02-08 23:33:23.215434","2025-04-27 05:01:10.399603"
"36","386","93","5","Election first with lose high.","Summer already attack. Break medical old fly.","2025-08-17 08:37:29.419025","2025-11-22 14:33:12.188065"
"37","649","132","4","Book difference bed card yeah something expect.","Court range us season great material gun collection. Example everybody cause inside. Meet for again article rate. Perhaps protect society enjoy line myself.","2025-02-14 01:18:44.804221","2025-04-14 06:37:09.918207"
"38","596","115","4","Then billion dinner agree card goal term.","Different shoulder court. Throw color under. Perform partner within suffer play easy short.","2025-11-08 01:53:07.863034","2025-01-16 07:18:29.457330"
"39","581","19","3","Tonight country society water.","Free with option college consumer. Interview around reason.","2025-02-17 16:50:39.172278","2025-04-10 17:13:48.491163"
"40","437","124","1","Member laugh someone bill natural yet.","Simple game like person ok. Behind item since newspaper include Mrs reveal. Do time site modern west late.","2025-09-15 22:17:08.860955","2025-06-07 01:12:07.203774"
"41","182","109","4","Crime majority different customer sit under degree.","Agent account stage improve deal. Learn beyond someone leg feeling. Positive civil effort wrong usually begin.","2025-03-15 11:18:09.487215","2025-01-16 12:03:15.412517"
"42","237","135","1","Cold owner next.","Big suddenly tonight leader take leader. Democratic rule southern relate his. Sit American word to agent minute.","2025-02-20 17:41:10.252133","2025-08-13 16:36:52.209325"
"43","644","144","5","Power miss off cover worry ago speech none.","Capital arrive radio. Month behind require enter.","2025-06-08 21:36:34.515501","2025-03-30 03:03:49.829478"
"44","103","32","5","Receive measure apply speech necessary.","Stand director outside food campaign. Make find clearly prepare mission past. Side whatever since success mention. Brother stay power project prepare.","2025-05-13 21:03:29.528697","2025-01-10 22:59:51.472303"
"45","246","14","1","Create mouth against join end activity nature rock.","Account crime fund face. Might science suffer some day memory. Shoulder decade order or piece small feeling.","2025-08-01 02:55:52.576619","2025-05-08 18:56:55.451668"
"46","106","93","2","Own culture media value.","City today similar much speech. Politics past long turn.","2025-08-25 21:41:18.696823","2025-04-11 18:26:55.375682"
"47","468","104","5","Mr information carry drug these size significant.","Want yet yeah report water day item. Show process despite nothing maintain.","2025-01-18 11:11:44.681640","2025-07-17 20:54:28.177374"
"48","168","122","2","Friend house strategy decide who.","Just quickly our loss Mrs reflect sound. Take same series meeting special rich room position. True official arm subject television.","2025-05-07 06:38:54.194009","2025-11-27 14:22:24.463337"
"49","92","2","2","Least talk hope still eye inside.","Notice this you look fear page. Federal how will else a. Culture change above fall girl true defense.","2025-06-11 00:11:15.969986","2025-04-08 01:37:03.572947"
"50","617","21","2","Yes investment world.","Possible argue draw control five price national. Good force morning wish some suggest less. Article their allow move air student federal.","2025-12-05 09:16:15.503587","2025-08-24 21:09:07.717007"
"51","391","30","4","Up represent computer how issue before.","Play young personal share. Likely beat lay deal. North among since red.","2025-01-02 04:36:40.956994","2025-11-21 05:23:19.936131"
"52","603","18","4","Difficult nothing throw during stay country process.","Think study last along. Seem go receive thing.","2025-04-26 12:04:18.823311","2025-01-14 16:15:29.260325"
"53","257","23","5","Audience local end interest heavy.","Follow attorney blood keep deal. Life factor break store summer their anything. Share support commercial appear take.","2025-04-01 14:54:17.269985","2025-10-31 09:39:06.110854"
"54","205","119","4","Pattern vote film response.","Ago ten various wall mouth large. Cause talk effort of. Could assume attention feel.","2025-06-28 13:22:19.345211","2025-07-16 03:12:32.980113"
"55","687","123","3","Success remember above surface today.","All allow read ground those many start class.","2025-11-04 16:05:48.297926","2025-07-04 22:34:19.222350"
"56","193","142","5","Worry century take rather understand.","Cause matter process tend kitchen picture lot. Sport today turn charge free. Leave economy citizen.","2025-11-05 23:33:41.085334","2025-01-15 19:24:02.155748"
"57","569","11","4","Likely keep its building woman.","Bad human usually answer season tax. Beautiful resource cultural rich guess condition. Thus face long whose fill. Job little particular individual out big short view.","2025-05-16 00:07:58.712115","2025-04-19 01:04:17.613712"
"58","544","130","5","Instead yes forward again.","Military able each crime sit. Free building speak reason drop fire.","2025-02-25 23:39:41.331438","2025-10-31 17:08:56.853074"
"59","252","119","4","Stand stuff late.","Represent leave prepare build great. Light democratic perform cell threat including sister. Open walk garden room.","2025-03-22 00:20:08.353876","2025-11-14 08:46:15.157487"
"60","635","77","2","Anything according cost think example appear inside camera.","Building stock boy month measure treat commercial. Picture across chance soon field. Sure lead total truth claim. Effect never offer mention wall.","2025-01-09 08:50:34.360436","2025-10-04 07:44:05.208564"
"61","648","75","5","Shoulder near painting money.","Voice drop reduce. Art lead within research station blood. Identify nature significant laugh road. Least ahead art behavior truth be.","2025-08-27 08:41:47.287851","2025-10-10 23:30:07.727496"
"62","712","20","5","Moment memory treatment help series population.","Financial building smile gun head beautiful. Anyone international claim.","2025-08-05 11:39:24.200554","2025-01-10 16:45:04.125132"
"63","586","86","4","Relate effect sister.","Great fish school it alone. Use smile left spring risk score. Difference media late. Life who imagine year apply.","2025-05-06 04:49:29.253600","2025-10-21 12:11:33.202135"
"64","48","106","4","Environment build stop attack.","Drug property hospital concern. Candidate oil care.","2025-04-17 09:02:43.654367","2025-06-11 18:04:55.185359"
"65","583","28","4","Marriage list seek a.","Recent decide southern scientist. Listen anything wide such. Order story another million teacher hospital.","2025-02-09 19:28:11.189871","2025-08-10 06:18:02.170675"
"66","671","64","3","People detail spend during.","Spend treat road college. Product could series government carry. Congress choose pick open sing economy.","2025-09-21 21:43:45.878575","2025-03-13 12:11:33.491415"
"67","702","150","3","Actually project them hot.","System center peace. Their security character continue during technology. Mother and try clearly.","2025-05-04 22:10:11.137698","2025-01-11 16:59:17.420016"
"68","533","92","3","Mother win subject say.","It get study call sea arm your. Decide who skill. Expect simply investment positive tree walk.","2025-07-18 18:40:31.276656","2025-11-22 01:15:54.500921"
"69","366","145","2","Respond building leave happen image our.","Act north cold agreement. Matter contain money pretty expect.","2025-11-09 18:57:17.022236","2025-05-19 05:33:45.611486"
"70","429","43","4","Ball special gun sister article.","A right high people. Watch allow front.","2025-05-16 00:24:12.668955","2025-11-16 13:08:39.874880"
"71","347","91","5","Keep music believe learn little.","Better appear order pattern city. Partner product especially movement significant. Floor and available again pay growth.","2025-04-25 18:35:26.469696","2025-02-14 08:41:52.750220"
"72","409","50","3","Rather represent professor relationship us.","Radio cup floor magazine test after. Test near effect white prove other glass individual. Turn who moment later ground.","2025-05-12 06:33:12.754309","2025-01-10 14:00:55.568996"
"73","282","124","2","Art discover oil audience where go soon.","Practice prepare yet real big religious help.","2025-01-06 12:00:10.372440","2025-07-18 05:05:19.403030"
"74","485","77","2","Price guess someone person senior end probably describe.","If Mr teach marriage. Agreement add director decision Republican put measure.","2025-08-04 16:46:40.374219","2025-01-06 08:03:10.465112"
"75","80","146","1","Seek outside want.","Effort what half administration past. Become else measure I direction ago true analysis.","2025-08-08 01:37:01.450873","2025-03-29 01:52:31.472585"
"76","511","89","3","Around quality join position girl government performance energy.","Treatment physical sense daughter avoid situation toward. Wonder significant control financial tree assume finish.","2025-04-02 20:52:59.792205","2025-09-01 07:14:35.436662"
"77","350","5","4","Remember develop stuff wife entire.","My really hold firm east letter hundred.","2025-03-27 23:06:36.822417","2025-08-18 13:54:03.861706"
"78","433","49","5","Language oil section crime interesting occur institution.","So stop drug next. Mouth remember keep sport mother civil open choose.","2025-04-21 21:52:56.161144","2025-06-01 10:46:16.987208"
"79","443","80","1","Few floor ten board.","Hear paper value personal increase. Attorney present fill as his. Enter defense strong say consumer single enter.","2025-12-05 05:54:57.739416","2025-01-06 21:47:50.527011"
"80","470","54","4","Probably member majority itself.","Each human someone conference part mean. Ok laugh agent dinner serious.","2025-11-18 00:14:31.499894","2025-11-01 01:05:19.344698"
"81","226","10","5","Wait partner environment few foreign modern task.","Serve general work ever forget major prepare. Customer shoulder though go whatever sometimes especially. National research support me concern.","2025-09-09 04:19:32.204633","2025-08-28 01:57:28.944221"
"82","677","71","3","Military fact most information here yet.","Method must rise within three source how. And city cost mean cost than.","2025-05-03 12:04:05.942004","2025-02-01 00:22:32.922092"
"83","738","72","5","Push war of strategy over.","Decade look debate debate message student. Care our wrong. Discussion property billion local concern hair security.","2025-11-03 18:50:30.569551","2025-04-23 03:41:02.160689"
"84","153","142","1","Step learn big.","Better financial specific right local hour. Issue so plant.","2025-07-20 06:35:43.697759","2025-10-18 22:40:56.276006"
"85","62","77","1","Hospital without learn save.","Political sea stay mind.","2025-07-19 01:12:22.983007","2025-10-17 14:53:14.749149"
"86","161","91","2","Us risk want year building husband key.","Role professor trip public soldier TV nature him. Power generation trial.","2025-09-17 13:13:33.619769","2025-03-22 04:57:16.571436"
"87","314","26","5","Girl attorney friend court doctor.","I bag nice too international. Design still reality head push now.","2025-05-06 17:28:35.728592","2025-01-20 23:10:05.433563"
"88","152","133","4","Daughter any color budget lay back food.","Bad nature usually admit several quality. Move writer reason cut possible century finally. Sort week mean report.","2025-07-24 22:09:00.517930","2025-11-29 15:59:41.023499"
"89","523","107","3","Style four contain second occur.","Movie though would address sit big drop. Window article various under look service two. Tree mean step want citizen reveal.","2025-06-25 17:14:09.621417","2025-04-13 08:22:58.173234"
"90","302","116","5","Enjoy eat me also.","Worker subject few others management. Our public subject kind seem. Anyone after office way. Yourself national thought support group.","2025-05-03 11:04:33.477428","2025-07-14 00:07:40.787424"
"91","657","76","2","Whatever itself garden bank.","Rock mind carry toward face. Bar trial such tax. Offer good fall protect physical.","2025-10-07 16:16:07.390415","2025-05-30 09:56:30.612850"
"92","278","127","4","Company energy across collection.","Drop grow adult difference difficult thing home. Whose item bank really government try eight.","2025-09-10 17:04:02.348167","2025-05-31 04:06:17.106899"
"93","336","7","5","System others new glass agreement practice.","Glass sign because. Set state mean.","2025-06-25 20:59:57.679020","2025-02-16 19:12:06.198880"
"94","315","118","4","Realize start teacher or old home throughout.","Upon support wish she a. Let kitchen specific consumer get back dark. Spend arm effect statement involve figure strategy. Result past thought.","2025-09-01 06:45:58.040304","2025-03-17 12:39:34.577402"
"95","317","18","1","Remember section manage miss ten magazine.","Stuff usually data serve talk. Win couple expert television account particularly writer end.","2025-07-28 15:14:16.828847","2025-07-06 10:26:15.684993"
"96","53","128","2","Collection charge official.","Per member address reach free. Final nor surface American letter return ever last. Money later story worry.","2025-11-30 13:01:49.742679","2025-08-15 18:13:19.747190"
"97","736","28","2","Tree account admit.","Line run church dinner worker. Happy fast care husband choice. Turn fight model feeling personal. Scene before close environment.","2025-01-06 18:40:38.471159","2025-02-11 09:04:01.944138"
"98","191","149","1","Score road pick partner like over learn.","Between any team have. Would per across performance across magazine. Thus down region remember street. Suffer early technology yes analysis.","2025-07-04 10:37:23.180656","2025-04-01 02:36:51.199197"
"99","796","146","5","For just institution eat.","Bed treatment beyond story television little discover majority. Course avoid attack society lay item. Order about power out understand.","2025-03-16 07:53:18.657145","2025-07-14 14:16:07.202709"
"100","587","69","1","Serious significant rate knowledge enter visit Democrat.","Face top movie would oil interest sea three.","2025-01-20 23:29:47.581728","2025-03-22 03:37:52.957142"
"101","615","34","1","Yard teach radio good debate.","Discover action he area star. Build food enjoy with value national yet.","2025-08-08 22:18:01.155839","2025-01-21 06:52:00.371559"
"102","237","118","3","Feel to toward ask trial.","Herself leg fill TV really not. Strong else conference series situation.","2025-03-09 20:37:31.926504","2025-02-13 18:33:12.065655"
"103","414","103","2","Commercial brother dinner grow find need scene.","Policy executive red performance. Win past suggest join spend civil require. Teacher born probably while kitchen force.","2025-03-17 14:54:51.518593","2025-12-02 16:05:05.671461"
"104","625","125","2","Address including natural quality site.","Interesting manager positive whether director. Deep those use shake.","2025-04-15 06:52:25.201909","2025-09-08 11:57:23.026934"
"105","541","22","4","Will if edge.","Move else pretty return side walk. Quickly somebody practice give kind simply. Site instead across dog later generation important father.","2025-08-19 12:53:41.464239","2025-11-02 12:29:38.737454"
"106","412","121","2","Blue choose still get daughter begin her culture.","These sit speak couple sound compare.","2025-03-08 05:23:15.612554","2025-07-22 03:08:23.050083"
"107","297","95","2","Pm occur relationship all contain arm.","Type rock difference when sing or. Quality art us result tell trade between. Recognize clear here much save matter forward.","2025-11-14 22:34:56.505824","2025-03-17 01:55:09.112424"
"108","240","110","4","Understand author computer improve against boy.","Follow mother son card purpose wind. Beautiful listen music civil. Spring will gun audience college employee.","2025-07-11 09:43:56.276365","2025-09-23 06:03:49.113657"
"109","729","90","3","Long never wide prepare own too.","Score later current medical. Issue star so represent.","2025-11-01 21:41:30.304559","2025-02-16 06:59:26.205680"
"110","576","105","4","Age believe black account become.","Young policy house cup. Avoid peace central prepare.","2025-06-13 22:31:02.866159","2025-01-24 17:10:46.812278"
"111","602","148","4","Message win why thus task term.","Consumer radio send American finish serious prepare player. So with process charge real.","2025-03-09 01:47:55.827449","2025-03-06 17:16:36.505049"
"112","650","1","5","For west goal participant together.","Federal better interesting card black stage key lead. Race himself office way officer.","2025-11-30 14:21:28.018636","2025-10-21 01:54:34.538404"
"113","255","49","5","Police usually coach draw public vote these.","Instead doctor peace. Whatever series force.","2025-04-23 08:05:41.651688","2025-05-27 16:37:32.793081"
"114","791","52","3","Growth all become sea.","Begin human two bag third type. Him approach especially doctor.","2025-09-27 12:36:43.034318","2025-06-12 02:22:56.489453"
"115","222","34","5","Agent view behavior run.","Thus wind so physical above. Daughter high be life design.","2025-04-20 07:55:47.469367","2025-09-30 03:42:33.193946"
"116","621","113","5","Best Mrs allow.","Very who student include environment check box. Capital avoid political. Notice model more dream.","2025-03-24 05:35:12.795238","2025-03-14 11:31:44.977775"
"117","35","80","5","Hold those marriage view member field.","Worry after message material raise. Record American cell allow owner available. Others describe catch around many parent know station. A decide stage.","2025-04-15 07:17:26.683341","2025-03-21 14:46:48.740974"
"118","690","8","2","Key hospital power pattern.","Director take check claim government style court go. Business talk better among likely summer bill.","2025-07-16 06:14:45.921086","2025-10-07 06:49:42.959957"
"119","158","124","1","Trial newspaper father guess into.","Rate attention by fear offer on director its. Policy thought military threat. Difficult event thought ever energy real small whether.","2025-09-27 09:43:30.022942","2025-05-23 22:17:43.697930"
"120","391","59","4","Simple mission rich drive million occur.","Market one animal fire field guy. Course chair bill all wife grow.","2025-01-26 20:03:22.235120","2025-10-21 16:39:49.562275"
"121","472","89","1","Staff none represent office mean red commercial.","Various who real form. Article development stop new crime movement professor. Sport assume method arrive. None ago light child guy law interview.","2025-05-15 10:15:27.665577","2025-03-24 23:41:58.283207"
"122","188","19","1","Hold simply likely management.","Later past remember it use side series. Term recently nice type deal reveal whatever police.","2025-02-17 22:18:54.181991","2025-03-14 15:55:11.481441"
"123","45","44","2","Still difference attention thank.","Born political require.","2025-07-07 09:18:07.200344","2025-11-21 12:05:33.065601"
"124","415","68","1","Investment computer responsibility indicate.","Throw could question tax life close by. Size avoid similar fish save positive sort. Story break never while building family.","2025-01-05 15:35:19.516272","2025-01-03 11:54:04.384777"
"125","86","96","4","Safe off senior heart court.","Spend imagine personal section. Way win brother off so you claim. White himself suggest place crime rich.","2025-07-13 23:47:08.748716","2025-04-02 18:50:51.820283"
"126","172","60","3","Occur want difference agreement.","Under memory study however high. Their receive vote brother.","2025-03-08 12:29:26.103660","2025-11-07 18:38:36.617688"
"127","44","5","2","For money identify.","Before process role product whom. Which really remain yes significant though compare. Hundred knowledge few inside ago both main.","2025-08-19 02:53:25.955234","2025-02-23 18:47:01.937651"
"128","618","71","3","Local owner similar control occur little beautiful.","Hit little would range. Method common young describe speech teacher hear. Provide ball business drive pull learn.","2025-06-23 17:09:19.024860","2025-07-25 07:13:13.282390"
"129","587","104","1","Those market chair agent source speech.","Enough force whole run wear still knowledge. Eight nature price too position.","2025-01-22 16:18:14.973015","2025-06-02 06:56:37.755024"
"130","312","73","1","Boy reach professional management.","Sport account seem happen although heart. Few trial same stuff. Up spend answer long particular center room.","2025-01-15 07:28:22.467301","2025-09-13 13:37:28.707467"
"131","630","33","3","Ground young physical improve raise health.","Employee indeed think mouth. Hand half central PM avoid threat. Pattern approach very part person eight fish.","2025-02-19 07:27:42.744610","2025-11-07 00:40:42.790390"
"132","657","64","1","Network ok successful check tree.","Seven explain difficult throw structure different. Production blue each provide population during necessary.","2025-10-13 18:48:12.667193","2025-02-27 11:22:45.698997"
"133","721","20","5","Lose option wide practice sound sea station.","Near protect health marriage long single its bad.","2025-09-14 00:56:25.429610","2025-07-20 11:14:55.664101"
"134","383","95","2","Note provide follow language.","Civil rise face star look officer. Start nation religious least admit time. Treat station similar. This season only surface.","2025-11-27 04:15:38.761333","2025-10-18 21:06:18.487720"
"135","743","38","5","Carry probably identify score member number hold.","Ok middle throw wind break threat particular set. Point rise set happen generation. Forward father almost note analysis without.","2025-05-05 05:54:29.721598","2025-09-03 00:38:15.442964"
"136","481","83","4","Certainly magazine according might cell lead.","Concern build know TV expert strategy. Just cover stop top policy pattern across.","2025-01-09 06:06:46.782697","2025-01-21 14:05:41.907751"
"137","184","80","3","How suffer me admit.","Low cover full matter not water. Outside back professor state street television collection. Instead four raise. Military ground Republican cause site fly there.","2025-01-24 23:26:00.707564","2025-04-15 02:24:49.355572"
"138","635","36","5","Stand me generation able rise.","Value page opportunity career different north yourself. World right they body occur. Reason modern south television memory food.","2025-07-29 19:27:30.930079","2025-01-12 12:39:56.734172"
"139","541","56","5","Rest trouble pick baby should through enough garden.","Defense raise win condition. True my year list least public.","2025-01-05 17:19:49.878478","2025-02-23 20:40:25.540197"
"140","229","140","3","Writer industry southern toward marriage field artist.","Move between simply several never. Letter another dog hour year so may. Herself most term clearly at black.","2025-04-17 18:55:04.280022","2025-08-03 09:33:27.466876"
"141","147","136","1","Person tax heart institution painting doctor happen.","Someone up important mother best.","2025-04-17 16:04:48.646595","2025-12-07 22:14:23.271566"
"142","387","62","3","Lot senior right.","Just sort rather talk news be first. Present police old very.","2025-04-24 21:04:45.147169","2025-05-01 06:37:17.113678"
"143","554","89","5","Age boy economy treat reality.","How loss option throw amount political. Industry cell party. Like popular what concern challenge thank value.","2025-10-05 00:00:58.700332","2025-09-16 23:37:17.288311"
"144","704","107","1","Culture enough leg look organization trouble particular college.","Several near want major. Party explain drug power memory whatever.","2025-05-26 09:15:14.190783","2025-05-10 03:54:59.756656"
"145","712","14","5","Suddenly they smile.","Develop democratic rate central still. Hundred effort upon have.","2025-07-27 06:09:20.623744","2025-10-19 08:10:32.839946"
"146","487","6","4","Clearly opportunity sea.","Billion reality rise choice. Bank to establish color involve situation wind gun.","2025-11-25 07:40:15.344471","2025-02-05 02:01:29.395064"
"147","777","147","3","Follow save expect three attack quite.","Seek onto key peace when art step. Protect than also lay outside price where. Maybe door reality determine rise cut.","2025-02-17 08:41:11.284346","2025-03-22 22:09:27.567153"
"148","757","36","3","Past often create fine democratic by.","Owner group process role enough. Film character morning rich generation system land. Paper once opportunity conference eight what nothing ground.","2025-09-18 19:22:24.846326","2025-10-30 09:09:38.379483"
"149","329","96","4","Collection someone tax difference instead.","Authority well forget thought they improve direction. Story avoid top no parent certainly believe. Itself energy that worry sometimes assume raise.","2025-07-19 08:42:06.410096","2025-10-02 18:20:03.215452"
"150","20","54","3","Particularly daughter end film else can.","Respond indeed people economy father improve parent set. Into artist when team. Ok doctor more per movie question.","2025-06-08 14:02:52.493969","2025-06-18 03:08:12.232294"
"151","183","78","5","Factor event different analysis board away real government.","Indicate could affect commercial economy left prevent. Almost assume whole short resource build.","2025-03-10 17:11:14.917069","2025-04-10 15:44:09.898626"
"152","469","46","5","Second child social whose speak author.","True after head project discussion voice popular. American include carry central defense away. Thus stay floor reach somebody either.","2025-10-11 11:26:12.670943","2025-11-28 06:55:07.881601"
"153","224","94","4","Hold consumer deal baby morning after.","Final discover her around. During gun particular office opportunity pick ago. Theory follow prepare then human.","2025-10-15 02:40:27.565932","2025-12-07 16:08:11.572590"
"154","411","88","2","Money it manage man fact.","Smile tree street court method put. Message above start break.","2025-09-15 04:04:28.460720","2025-07-25 16:56:43.883587"
"155","243","78","5","Late charge especially attorney year stuff.","Allow determine agent deep especially because. Best although herself house concern. Risk material majority economic only mother artist.","2025-10-01 13:46:48.024388","2025-05-16 22:14:48.291849"
"156","762","63","3","Office budget state audience quite exist.","Science know herself mind special economic consumer. Run somebody nature provide product.","2025-09-28 18:13:56.320093","2025-11-28 02:43:39.028923"
"157","432","103","2","Enter hard Democrat.","Assume style debate speak dream. Event table certain enjoy few fish.","2025-06-24 16:43:51.080539","2025-01-02 11:42:10.880520"
"158","392","30","4","Set skin step guy action get interest.","Policy around third system best western including. Onto middle control central new machine.","2025-11-19 11:16:53.349519","2025-08-30 01:22:23.437366"
"159","373","92","1","Expect light speech against over state.","Ahead same point civil anyone. Then side walk everyone exactly. Hard appear yeah modern read.","2025-07-10 22:50:52.418740","2025-04-09 13:11:25.975013"
"160","635","66","3","Young act yard avoid gas.","Around owner PM each. Letter expect produce on put.","2025-08-12 15:46:21.102307","2025-07-16 09:13:43.646178"
"161","714","38","1","Pick perhaps science boy.","Health early range future individual author name. Middle may she quite couple tax. Institution cover finally behavior billion.","2025-12-02 22:19:44.908165","2025-01-31 03:16:37.661756"
"162","525","41","3","Race mother answer through.","Task husband reach. Through field key economy.","2025-06-07 00:24:36.734112","2025-09-15 22:42:03.887226"
"163","166","81","1","Prepare where exist reach nearly possible hour available.","Which into those treat. Control box anyone concern four.","2025-11-17 16:51:54.333360","2025-01-25 13:22:08.394675"
"164","160","114","4","Sense white well allow inside list.","Natural common region camera get. Property pattern eye happy guess pay.","2025-03-29 14:26:48.411640","2025-09-28 11:55:47.905486"
"165","441","66","5","Black other left mention far two Mr.","Line would what marriage cause. Answer dark trial listen weight task. Sing rise character form teacher because.","2025-09-03 14:28:02.477437","2025-09-02 02:27:50.363872"
"166","434","76","2","Need peace rich institution.","Pressure training board.","2025-09-05 12:46:13.582331","2025-09-22 11:07:26.022289"
"167","28","90","2","Cell head century have morning lose move.","Short own pick of modern should. Party involve well believe test still. Give bank air within peace.","2025-02-20 17:54:10.269688","2025-06-09 13:15:39.725112"
"168","272","27","2","Physical behind by begin.","Lay check there amount black sure. Myself statement certain lose their. Everybody every ready possible. Experience hand PM great beat.","2025-11-10 13:14:53.754605","2025-06-18 21:36:48.820712"
"169","416","97","5","Something along air but.","Suddenly language company too bed main. Computer trade very bank assume.","2025-10-15 15:54:39.663888","2025-01-04 23:04:42.026506"
"170","28","45","4","Whose country traditional method.","Reality truth local. Style charge station chance.","2025-08-26 07:23:27.405403","2025-11-02 18:17:41.534487"
"171","220","54","1","Ok suggest just form.","Ago media store mention table. Anyone stock decade budget.","2025-10-03 23:23:10.564157","2025-04-30 09:56:06.140124"
"172","618","97","2","Black under cultural now before hand three.","History walk as security analysis pay drop. Owner off fall official medical truth.","2025-03-26 04:03:52.836441","2025-07-06 12:05:26.634108"
"173","289","115","3","Hold machine old process quickly.","Year theory population ahead firm value.","2025-01-09 17:23:39.022073","2025-08-13 16:36:02.587631"
"174","516","62","5","Remain since truth range herself approach.","Best oil despite suffer of impact push. Base network stock red religious wife tough. Many safe despite campaign.","2025-11-21 11:56:58.931635","2025-12-04 08:25:12.924004"
"175","374","35","5","Stage rate stage watch raise dark.","Specific key who may. Past main public have street nor how. Difficult message situation create blood act hundred.","2025-03-14 20:17:39.447923","2025-09-29 08:09:40.314437"
"176","40","121","2","Laugh common what successful simple church.","Nor site quite writer PM law example. Huge people believe be follow available job little. While church service final.","2025-06-27 04:10:37.879475","2025-10-08 04:59:01.299092"
"177","282","144","4","Common name adult shake.","Dinner tend act carry. North measure future.","2025-01-11 18:53:54.467998","2025-01-06 18:43:08.247916"
"178","395","111","3","Not sister experience know audience increase.","Make kitchen radio wait wrong model break account. Turn born friend own hit story raise.","2025-04-24 23:35:11.397075","2025-07-23 21:33:56.805746"
"179","473","101","5","Clearly list red determine audience range second.","Say teach wide number recently cell painting. Difference oil room political Congress voice.","2025-02-17 11:15:43.717659","2025-11-27 08:51:53.941987"
"180","750","125","5","My service discuss daughter ability.","Instead trade individual west. A determine rule answer performance. Once just number upon occur.","2025-05-18 01:38:46.884361","2025-02-16 04:32:23.907325"
"181","445","126","4","Thus back hope suggest production perform window very.","Material a miss again herself. Role cost look civil choose enter popular.","2025-03-28 17:36:00.441453","2025-06-17 15:39:56.210842"
"182","407","86","4","Fact guess century any instead realize body.","Expert positive black past. Structure star test opportunity stage TV evidence. Challenge lose newspaper tonight. Deep feeling choice station peace.","2025-07-21 09:40:48.319027","2025-11-23 18:50:46.151026"
"183","240","128","1","Defense discuss beautiful whatever building.","Idea administration develop under. Community plan wall east treat party individual physical.","2025-03-13 04:14:22.138975","2025-08-14 22:12:25.235593"
"184","708","77","5","Those spring camera score individual about.","Father ahead discover draw yet. Each future walk mention will. Current fear information foot cut seek.","2025-03-12 03:05:09.928253","2025-10-09 13:49:13.111070"
"185","211","89","2","Stop fight mouth clearly crime.","Activity day goal money would realize black either. Between subject life agree family them but.","2025-02-07 19:27:20.928926","2025-05-23 23:16:04.928130"
"186","113","114","5","Wrong record live theory.","Picture explain public peace chance collection. Firm one quickly consumer policy. Finish return leader.","2025-09-11 23:09:48.384932","2025-11-12 12:00:38.764530"
"187","108","49","3","Glass ok available cultural truth.","Understand require maintain carry real mother enough. Occur trip something could care law. Benefit read enter again.","2025-03-15 07:46:57.177242","2025-10-22 19:33:19.754337"
"188","444","35","2","Hospital professor onto stand training whom test.","Full answer medical difference common support. Past movie improve rather between.","2025-10-12 09:54:16.060071","2025-02-03 09:33:53.744763"
"189","642","148","2","Risk thank hundred worry special worry yet.","Wife here cup kind effort physical ready. Sort create history investment difference design.","2025-04-08 03:07:56.326229","2025-11-14 11:28:32.980255"
"190","513","67","3","Pay great image television.","Film worry this technology to sport. As them collection want. Participant case past responsibility rule note.","2025-11-10 08:08:48.115697","2025-05-21 08:54:38.648627"
"191","302","14","2","Rise participant stand.","President change authority free. Stock court several again. Same commercial treatment case sport.","2025-12-05 19:49:44.081179","2025-03-22 04:36:05.842500"
"192","214","131","5","Season appear magazine build pull expect.","Bank safe sell seat few. Foreign study could radio. Free response hope live social mouth these. Stay but economic effort.","2025-07-08 12:22:34.032112","2025-03-15 18:26:03.920359"
"193","604","15","4","Low could cut five.","Arm have dinner. Nothing however concern expect anyone.","2025-05-15 17:29:20.139818","2025-06-16 15:08:56.627764"
"194","238","116","3","Any left fish want.","Time whether city environment most be grow. Expert live game.","2025-01-13 05:30:16.066428","2025-08-31 10:08:20.445654"
"195","46","149","1","Eat for purpose city eye.","Civil across him main. Conference morning image election.","2025-07-26 17:57:47.825092","2025-09-11 14:15:51.409870"
"196","403","34","2","Heart moment actually peace.","Good special site human. Matter thing also remain mean age. Firm fight information.","2025-06-24 17:04:50.655982","2025-10-22 23:37:03.188246"
"197","760","119","2","Success fill behavior toward beautiful.","Free remain study cell. Down with where figure collection school society song. Democratic civil reduce themselves yet. Company food others certainly.","2025-04-09 23:29:35.258008","2025-02-14 10:14:57.093413"
"198","625","19","5","Draw stage debate interview white interesting suffer.","Partner candidate west interview. Public easy environmental time.","2025-01-10 22:54:42.788793","2025-02-08 01:26:39.984008"
"199","353","1","2","Light assume move guess bit notice.","Type city own while industry. Money north pick stuff. Culture front cultural entire mother.","2025-05-31 17:38:20.833778","2025-03-20 07:33:24.867503"
"200","342","84","2","Cold walk long son teacher.","Officer dream skin trial story hold reality. Yes hospital great win recent lose agree.","2025-01-27 11:18:10.352041","2025-06-10 18:50:25.333148"
"201","36","68","3","Base suggest director only benefit finish.","Act happy art attention whom third.","2025-02-24 10:52:14.749972","2025-05-01 01:50:06.748195"
"202","540","139","3","Mind debate they rest party.","Bit until item from behind indeed. Less reveal team stock small friend fill. Book market particularly analysis fish.","2025-01-03 04:05:22.396525","2025-09-12 11:54:05.985852"
"203","209","80","2","Shoulder back plan.","Military audience small effort local.","2025-09-20 14:17:41.221522","2025-07-24 18:52:22.746124"
"204","467","53","3","Keep see write treatment account fear.","Treatment however view. Baby cost there magazine miss itself movie.","2025-09-02 08:52:56.090191","2025-06-12 00:34:29.998487"
"205","512","98","3","Action already challenge.","Week crime body property everything analysis. Ground nor wide heart thousand. Including billion wide full.","2025-11-29 17:16:01.791903","2025-09-24 06:44:25.896151"
"206","228","72","3","News budget small set.","Quite ago section short serious option understand. Office certain attorney political.","2025-04-18 15:16:40.324350","2025-04-14 21:40:33.101457"
"207","432","140","5","Country type bag social director their.","Daughter purpose yeah simple still stuff response. Buy before sound player suffer store.","2025-05-17 18:53:09.932014","2025-02-28 08:15:41.107371"
"208","376","134","5","Free wait upon.","Against history factor society. Very occur reach. Conference daughter son gun high small fill.","2025-06-17 07:36:16.346656","2025-02-01 20:44:41.413712"
"209","179","88","3","Bag because or establish player.","Trip probably cultural create. Source himself design.","2025-07-04 14:31:25.952599","2025-01-20 20:20:43.663985"
"210","694","14","2","Carry center will cause.","Move media ever. Best throughout she agreement method subject voice. Must focus political least strong.","2025-02-15 13:14:10.735703","2025-03-08 22:22:38.512731"
"211","668","35","4","While ok set general house determine apply.","Difference matter add walk participant allow base. Around decision treatment enjoy light ahead. Consider over character hundred black door.","2025-11-25 21:58:36.933545","2025-09-26 00:44:22.421780"
"212","757","114","4","Western herself authority.","Though set there pick box also.","2025-08-23 16:44:30.085918","2025-07-11 06:52:10.709855"
"213","274","86","5","Way notice late opportunity.","Physical technology traditional white contain now. Some project drive operation sport same name.","2025-08-19 17:35:23.178264","2025-11-30 16:01:49.112221"
"214","503","143","2","Technology usually ready research data page.","Above parent avoid statement far. So particularly official account reach painting whether. Pull out adult before military really former factor.","2025-01-12 19:17:16.105694","2025-08-29 11:35:06.899602"
"215","196","109","2","Writer stop skin some fall.","Report expect long member image total. Star series organization green. Father actually model hour.","2025-04-26 12:24:28.753620","2025-09-17 13:49:59.988942"
"216","414","63","1","General street career last myself.","Chance line suffer matter rate piece contain. Own blue yeah rule live able enough.","2025-01-27 15:17:05.931365","2025-10-10 17:04:02.193537"
"217","363","20","3","Million newspaper before peace positive action.","Beautiful turn gas dream into program. Off strategy if myself. Trouble research standard wife can face hot. Night treatment relationship democratic body.","2025-09-17 07:46:27.525791","2025-07-16 12:37:56.052744"
"218","188","127","3","Serious international heart wonder will type.","That down kind give movement ask reveal probably. These middle officer affect probably last memory. He community food sister break course behavior.","2025-02-16 01:40:33.597859","2025-06-30 20:46:13.260721"
"219","591","93","3","From official face seek career popular.","Expect federal offer young. Picture cut although.","2025-10-01 14:56:00.666014","2025-08-20 00:35:31.600945"
"220","199","11","1","Congress industry list bit serve foot.","Rise maintain beat government camera Republican. Exactly however apply town. Foreign game him foot strategy door.","2025-06-28 10:00:02.478006","2025-01-28 03:02:56.944104"
"221","116","59","5","Pattern sit accept every.","Strong financial cup. Find kitchen close often each future. Human rather art. Practice ahead site glass world.","2025-06-14 20:31:10.591440","2025-10-05 07:13:01.305265"
"222","329","98","4","When ground majority protect able political pretty.","Strong indicate radio road forward late chance. Worker get occur people hair difference decide least. Woman continue than also check learn sea middle.","2025-05-26 18:34:01.090447","2025-10-27 09:06:16.965855"
"223","168","49","4","Nature phone allow phone.","Family such out get beyond window admit. Difference use growth short camera teacher.","2025-10-27 23:42:34.339566","2025-04-02 07:12:52.136104"
"224","588","9","1","Finish year beyond military.","Story quickly dog option consider bring difference no. Although ball study. Way its better tonight less.","2025-04-13 16:52:47.011471","2025-12-04 16:48:25.608736"
"225","620","27","5","Audience thousand charge lay television.","Age budget cold college while administration. Thing general any task wall music.","2025-08-01 20:40:17.893604","2025-06-26 21:30:02.683829"
"226","52","8","1","Several follow couple.","First bank cost attorney save. Office job company individual say degree spend federal.","2025-04-10 14:04:19.361869","2025-01-17 22:28:27.531734"
"227","412","11","3","Such clearly town room hope sense.","According writer keep still strong. She season cut plan popular down.","2025-10-01 13:33:09.540405","2025-10-10 17:46:51.849742"
"228","416","135","5","Local during reality difference foot this hospital guy.","Team leave back south seek run suggest. Republican bit fish fast recently school.","2025-09-19 01:57:21.453629","2025-09-30 19:20:16.644789"
"229","792","26","3","Attention debate particularly court shoulder financial.","Level remember analysis lose grow on.","2025-08-19 20:26:11.261219","2025-08-05 02:42:20.887866"
"230","549","40","5","Opportunity produce lay anyone.","Work focus sing foreign law. Computer charge wall believe. Without coach despite past win speech believe new.","2025-08-29 11:26:04.958126","2025-03-05 05:36:57.063481"
"231","628","54","1","Generation tend pattern son gas.","Pick onto economic positive or great performance foreign. Author be bill ok listen painting. Benefit tell mother hit organization.","2025-10-06 03:41:35.151236","2025-08-02 00:10:04.439886"
"232","630","137","2","War law help dark ground his.","Section listen notice himself address pull yes. Offer morning grow land build window six.","2025-01-24 13:44:01.936336","2025-08-18 15:22:44.387154"
"233","734","134","5","Cold important special man science rock and standard.","West join organization.","2025-08-31 19:18:38.762908","2025-12-02 22:14:43.899823"
"234","552","68","4","Everybody offer operation research.","Song trip point subject member stop admit other. Such surface skill maybe final near perhaps.","2025-06-21 00:56:55.124394","2025-01-10 03:55:51.174456"
"235","136","56","3","Live health article society participant friend never.","How arm indicate less simple difference however behavior. Everybody hair science sea spring strong. High song TV fire require knowledge.","2025-10-22 22:27:55.316728","2025-04-21 00:57:06.707444"
"236","540","82","2","Across focus rate.","Employee dinner leg enough. Think step go community. Very site letter.","2025-10-22 08:00:02.691679","2025-10-05 18:00:57.173220"
"237","281","75","1","Type firm government majority newspaper.","Above plan attention wall each information feeling. Across music professional pattern significant across walk. Anyone parent beyond eat general somebody. Much every money heavy safe store.","2025-03-31 06:50:39.416198","2025-11-17 05:21:54.489446"
"238","615","82","3","Day million alone view matter firm.","Change develop develop seven. Serious event whom attack represent. Every travel easy can.","2025-01-19 13:00:34.245061","2025-09-01 11:41:16.720167"
"239","35","131","2","Such edge situation meet camera right.","State present foot support. Medical market nothing study develop.","2025-11-05 11:52:27.028870","2025-05-05 00:57:16.961769"
"240","701","75","4","Loss effect form system.","Seven base its raise firm. Maybe quickly appear or evidence pattern art. The action rate improve loss him to.","2025-10-11 11:47:24.027430","2025-04-15 00:11:21.030473"
"241","705","111","3","Similar fine human three maintain feel.","Take rise section point upon spend. Community successful treatment local development. Pick hold model pay instead.","2025-07-27 22:17:18.556515","2025-03-03 20:49:34.022429"
"242","34","140","4","Stock practice learn country smile minute throughout.","Success computer he change. Establish just can. Enjoy rather measure product no respond wait.","2025-07-29 17:50:22.190225","2025-06-05 01:38:28.029041"
"243","674","8","1","Care move production send second politics PM.","Sea others everyone possible grow test condition. Consider mission collection while provide tonight happen involve.","2025-11-30 20:26:22.759293","2025-11-14 18:58:42.486484"
"244","421","51","2","Adult southern this.","Mean others over guy only perhaps fish. Forget take human most remember. Sense develop race appear talk police training.","2025-07-02 22:50:31.853998","2025-11-23 16:00:25.208239"
"245","398","62","3","Ready that admit he tax know then.","Nice after hundred military still have. State campaign good her.","2025-02-12 16:23:10.621340","2025-07-21 12:34:32.383817"
"246","495","63","3","Nation force goal measure voice though capital.","Now daughter well provide specific job. Control pressure material protect fire important everyone. Real myself almost law TV employee.","2025-04-02 07:39:01.751247","2025-08-11 01:50:33.996324"
"247","265","90","3","Raise science government third pull.","Black official break others knowledge. Finally opportunity wrong coach identify. Sister growth coach future six light trouble. Deal receive join full send.","2025-02-08 20:53:22.316274","2025-11-09 13:40:27.435274"
"248","596","78","2","Training government tough whom especially sport know money.","Interest learn alone happen happy wrong the know. Realize number town himself huge successful. Term society same place stand once side.","2025-02-25 22:18:27.697422","2025-07-02 12:56:13.215049"
"249","255","104","3","Happen cover national.","This concern read involve time travel many. Speak best member six.","2025-06-19 03:39:36.482084","2025-04-24 14:06:31.495532"
"250","137","55","4","Term image husband.","Arm scientist life class team child. Final station around.","2025-12-05 00:15:00.295591","2025-08-06 05:29:36.347081"
"251","52","90","3","Several offer American do dream its herself.","Treatment impact condition. Available personal trip increase let third. Begin Mr collection.","2025-08-12 03:19:04.254906","2025-01-12 13:08:20.154424"
"252","664","119","1","Allow building use million none although should.","Man father court toward. Attack attack enjoy our night. State indicate himself nothing early.","2025-02-18 03:23:28.751574","2025-08-25 20:31:15.233984"
"253","152","34","5","Least throughout agency since all.","Training picture serve someone. Seem second past cover relationship pay other.","2025-08-22 07:02:15.738508","2025-05-09 16:14:16.807716"
"254","220","38","3","Maintain current career light wide article.","Science her with shake life. Him area despite class.","2025-08-26 14:13:48.126957","2025-06-14 21:06:45.380903"
"255","5","9","2","Pass food about bag office management.","Take attack rock. Partner design foot sort argue why always stock. Family list discover visit mission top. Particular during from away be raise however.","2025-11-02 04:57:25.916708","2025-06-04 08:52:29.253470"
"256","64","1","5","Culture use Mrs exactly four.","Hold far since explain politics decision. Thought executive until fish range beyond.","2025-11-26 05:47:37.336538","2025-07-20 19:38:55.452728"
"257","74","148","4","Seek myself blue keep assume everything fact.","Travel firm party us rock. Huge position design top area place. Term notice up without other consider drive.","2025-07-01 00:31:11.476295","2025-05-10 09:21:26.972347"
"258","746","146","3","Whose could actually allow artist inside.","Wind example report start affect yourself walk. Let off ago our add. Difficult focus see defense second media.","2025-12-07 13:25:32.560903","2025-10-07 10:04:19.661852"
"259","125","70","5","All employee change suddenly put or heavy.","Join against happen full. International read personal realize. Any large choose administration brother notice clearly.","2025-11-02 18:52:06.498571","2025-05-28 05:04:16.080151"
"260","398","63","2","Fall grow industry her stand wear.","Suffer discuss fill.","2025-10-20 21:27:49.099822","2025-03-05 04:08:58.407685"
"261","217","144","3","Like which believe budget great note.","Different cut capital road sea. Democratic author item whatever blood family. Argue prepare fact later huge even.","2025-03-26 22:09:14.015242","2025-01-01 08:54:04.078087"
"262","347","59","1","Whether walk realize teach.","Discussion never major instead. We produce camera treatment expect industry must fill.","2025-02-18 12:23:12.108577","2025-07-13 21:11:11.880566"
"263","200","79","5","They author record young member executive have course.","Life chance oil gun once clear four. Already author artist rate cost.","2025-03-17 17:11:03.238879","2025-03-24 10:47:49.422931"
"264","670","3","2","Themselves film it actually lawyer.","Wife letter each eight care.","2025-01-31 20:56:09.014243","2025-01-24 13:16:33.012049"
"265","245","17","5","Right along cover perform give.","Eight enter board clearly. Media including enter high article. Exist listen third.","2025-08-16 19:58:52.660928","2025-10-27 03:26:16.975845"
"266","145","44","3","Civil senior worry likely out difficult.","Imagine range discussion long. Address we development interest strategy vote drive.","2025-04-17 08:03:21.856172","2025-03-21 17:59:38.619683"
"267","112","54","5","Yeah hear serve middle leave.","As military education job. Start traditional how public important stand. Investment late tend discover type.","2025-04-24 13:18:05.941148","2025-06-04 22:35:43.914099"
"268","422","59","3","Democrat ok attention figure production meet become.","Member reach until upon half. Receive apply country not sell dream fact indeed. Night detail important bar.","2025-11-16 14:38:08.548385","2025-09-29 06:01:48.288502"
"269","682","40","3","Hope give ahead coach behavior property new.","Behind development avoid project. Quickly agency benefit while sense. Wife forward evening ground leg.","2025-04-23 23:05:25.244418","2025-06-23 01:06:42.117991"
"270","198","51","3","Answer Mrs government degree.","Smile letter quite range series play spring at. Cover staff discussion example have join only. Consider tough news author close.","2025-05-16 02:39:32.337180","2025-01-08 03:22:40.838212"
"271","236","104","3","Worry likely data happen line.","Different food sell much fast morning. Reach religious mention audience near clear. Century behavior early friend bit staff light.","2025-07-02 10:29:41.214364","2025-03-16 16:19:27.759402"
"272","235","11","2","Activity red toward arrive fill newspaper.","Almost thus truth reduce interesting even technology speech.","2025-02-14 00:54:17.515132","2025-04-10 02:29:55.656213"
"273","321","143","3","White present mind but energy effect senior raise.","Wish care own hold share. Ok newspaper top however friend piece unit.","2025-10-19 02:29:29.073514","2025-05-18 23:03:52.053271"
"274","3","111","2","Way game success foreign.","Large sort agent long. His art glass section baby eat. Deep notice message must respond year consider fall.","2025-10-26 22:24:22.513232","2025-11-07 11:58:02.979380"
"275","406","145","3","Lot test name good seven able.","World whom growth serve son least. Million wish source many last road.","2025-08-11 08:13:58.622257","2025-10-07 02:01:48.719623"
"276","53","25","1","Score relate when soon soon wrong myself.","Someone president represent site clearly goal month would. Choice return likely.","2025-10-16 03:58:48.713668","2025-08-01 04:11:32.580461"
"277","480","16","3","Answer effort open for fall he.","Attack cover heavy see follow. Six budget general quality address able trouble.","2025-11-21 21:30:40.455365","2025-11-14 04:03:02.002675"
"278","782","100","5","At expect offer personal pattern finally situation.","How lot lawyer each. Final why receive far economic. Let everyone although hotel air. Exactly over decade above under among.","2025-12-07 22:37:27.092624","2025-10-28 09:23:26.401192"
"279","594","43","5","Draw nor outside remember car actually.","Name agency statement second country song force car.","2025-09-24 20:05:27.569890","2025-02-14 12:08:15.180685"
"280","176","144","5","Away recognize rich along hold song one think.","Drive newspaper tax six peace walk.","2025-10-18 09:26:16.525565","2025-11-03 17:39:44.212768"
"281","647","131","4","That what foreign stand choose national win.","Manage recognize this enjoy boy. These American article cup particularly before. Human lead lot politics.","2025-01-05 16:41:30.357277","2025-02-23 06:31:42.431521"
"282","748","147","2","Woman result value art history.","Management seek exist worker future share. Hit able among agent charge mother article camera.","2025-10-13 02:33:18.930094","2025-11-15 22:37:35.920070"
"283","545","34","4","Stock teach evening radio page recently process.","Score reason reason how firm. Over why statement become. Need scene whether.","2025-07-02 23:25:22.800606","2025-08-10 10:43:27.735741"
"284","696","89","3","Stay might point.","Lay size feeling evidence. Understand find very big commercial until hit heart. Morning couple region too decade house point.","2025-10-24 15:56:12.297115","2025-07-14 10:28:41.938414"
"285","683","135","4","Age against several live must include.","Bring special certainly reveal at. Voice play small mouth president effort every. West traditional under wind.","2025-03-06 15:11:38.039831","2025-11-22 21:25:31.883987"
"286","330","141","5","Color order cause budget two ahead indicate.","Cover force section throw represent or decide out.","2025-09-01 14:28:59.112206","2025-08-25 14:14:19.785622"
"287","471","102","3","Record protect success understand recent guess letter.","Whose military read use writer window firm. Material when none gas safe. North similar leg hand.","2025-01-19 17:42:39.749153","2025-06-28 19:07:18.520260"
"288","41","27","1","Which shake apply determine.","Continue movement pull bag kind. Artist have theory kind.","2025-10-09 19:13:03.540350","2025-08-30 00:04:40.785063"
"289","60","85","3","Left although here them.","Instead material focus smile also Democrat how wear. Market maintain support while knowledge teacher box.","2025-08-30 04:32:25.740651","2025-07-01 19:07:43.300742"
"290","102","85","3","Box occur including music girl.","Figure rich new order. Itself could poor spend.","2025-02-12 04:14:38.881271","2025-08-23 02:14:11.808711"
"291","275","114","2","Paper kind think.","Picture choice stock base someone politics. Low type become will skill.","2025-09-27 08:09:30.854568","2025-04-13 17:22:59.850028"
"292","786","86","3","Religious head friend their bad agent foot.","Think write president. View those half alone. Receive film office strong loss no behavior.","2025-04-15 19:06:24.841626","2025-11-01 17:58:25.547219"
"293","61","51","3","Senior eye quickly.","Audience final clear concern.","2025-11-15 22:12:00.949184","2025-03-26 06:09:24.350523"
"294","563","36","4","Around culture catch under.","Standard skin huge soldier. Writer always information possible economy.","2025-09-17 12:04:22.475814","2025-05-07 19:14:01.394006"
"295","112","144","1","Check force middle.","Today nature edge product thank success. Reflect during culture study available example. Offer impact think agreement every the her.","2025-05-13 18:28:29.619196","2025-08-22 17:56:30.056466"
"296","269","115","5","Value than believe worker prepare speak fine and.","Mr fight for serve. Should always arrive whose. Somebody somebody security large Mr PM myself.","2025-04-10 01:01:34.809200","2025-11-22 13:13:49.314353"
"297","513","92","4","Second for painting investment effort recognize.","Become certain now remember discussion positive. Discover man store medical until interview. Body party blue.","2025-11-15 16:58:55.875335","2025-02-19 09:54:24.545055"
"298","659","92","3","Would Congress forget morning window participant should.","Charge ago book behavior call dark man. When executive page but.","2025-03-01 02:16:34.642067","2025-01-06 11:46:03.499025"
"299","699","78","4","Write cold wrong standard instead visit everyone.","Care down state knowledge. Can data possible those society free. Professional great apply company future.","2025-02-13 03:18:28.619527","2025-05-09 07:32:07.091489"
"300","83","88","1","Seven three stop store garden.","Rock never page defense spend check him. Week soon officer thought him effort indeed.","2025-08-26 06:35:02.072358","2025-03-28 12:22:59.016590"
"50000","344","151","5","Great Test Product!","I loved testing this.","2025-12-02 13:08:43.254381","2025-08-20 18:36:44.644733"
"50001","663","151","5","Great Test Product!","I loved testing this.","2025-04-23 07:47:25.541981","2025-05-28 22:50:24.066801"
"50002","616","151","5","Great Test Product!","I loved testing this.","2025-10-24 22:33:43.555348","2025-02-14 10:22:12.543616"
"50003","151","151","5","Great Test Product!","I loved testing this.","2025-07-23 06:29:42.016458","2025-03-13 12:46:30.851284"
"50004","109","151","5","Great Test Product!","I loved testing this.","2025-10-17 11:46:15.184219","2025-05-28 15:16:39.888676"
