1,1_tamaramorrison@hotmail.com,Gary Cross,"9342 Lori Bypass Suite 711, East Sandra, MP 11019",pbkdf2:sha256:600000$QJSnzWUJ6ZhmWYhI$761978809b2cffbda9e61906257d44e9aa2160562fa79f4e0f67fa1eb0f5bc50,3100.79,2025-09-29 14:09:39
2,2_qoliver@gmail.com,Madison Zuniga,"6208 Williams Courts Suite 345, Masseyshire, GA 91949",pbkdf2:sha256:600000$jCSWxlzVdLW2o7hz$ef4003e6661a335326e9b925b8200827e900ecb238d20a584dcfd73a8d196a81,605.51,2025-09-19 05:27:52
3,3_valeriemorales@hotmail.com,Shane Bradley,"08913 Charlene Flat, Joshuaburgh, CT 62839",pbkdf2:sha256:600000$y68wwTVfgTPvfzMg$59375de814eb0ab016f76ae9b41e7d9e41cfea084d76a731b2fdd99c96ccc707,174.31,2025-11-28 15:16:48
4,4_zrogers@yahoo.com,Lauren Ward,"0452 Courtney Lane Apt. 113, North Paul, CT 52118",pbkdf2:sha256:600000$yziCRmASch32XL0j$944fd38b78d1dc80f39e9c8f2e11c0b9a9fbd3f9cc57ac26fb5236c1b85e9f78,-135.00,2025-08-05 02:43:09
5,5_taguilar@hotmail.com,Jared Frazier,"013 Billy Bridge, Riveraburgh, AS 20007",pbkdf2:sha256:600000$IU4VrQLjHfIczCIO$5902443397034c0c17b2082cc5c7193ee3ad108e9c5f29b8c15c148456c22f3d,3449.40,2025-12-04 08:49:44
6,6_vmendez@hotmail.com,Sharon Love,"Unit 9426 Box 4183, DPO AE 51884",pbkdf2:sha256:600000$FJg5Qt0dCrCLM37W$561edae8a5921ea15e9b393daf5aca872e575714f2d4acd91afdc4f8af526279,-477.74,2025-06-22 15:46:56
7,7_adkinskelly@hotmail.com,Jason Crawford,"USNS Villarreal, FPO AE 60013",pbkdf2:sha256:600000$P0n7uPBtdO7tknlN$a715d8c90d9c04060186df1109ab99fb1a6e0c3a08352e649a9c19ccd70c326a,1010.86,2025-02-13 15:33:37
8,8_granthaley@hotmail.com,Alejandra Hayden,"PSC 2662, Box 3758, APO AE 47079",pbkdf2:sha256:600000$iNizq1ON7W2Wl972$1a3d3108dce51874b76af674668e2352c06741d8b5c8fee35822333b0e5780a4,-200.98,2025-06-29 14:12:35
9,9_amandajenkins@hotmail.com,Paul Gomez,"7592 David Crest Suite 697, New Elizabeth, MI 83353",pbkdf2:sha256:600000$mtl7qziESEJW9YbX$5da81daa5b30d9600f799ce5659fd406d816ec604076f0b2397393a1912d97c1,2101.23,2025-07-03 13:33:44
10,10_lbentley@hotmail.com,Laura Lee,"PSC 0312, Box 5023, APO AP 39498",pbkdf2:sha256:600000$UgGwGyHC7U2iy2C3$51130725adb4c95d6eb5594d06ce40cf692221e6fb0cfe4ed10ebfad707527fd,-295.10,2025-08-26 20:58:36
11,11_hstevens@gmail.com,Christine Warren,"3791 Hansen Village, Williamsburgh, IA 64728",pbkdf2:sha256:600000$UMPbSNVvqfxkmejD$a55d618791014610e607de340d82e40016546b4f9e177ebf3e46aed1c5f9d7b7,-32.65,2025-03-27 11:01:09
12,12_derricksmith@hotmail.com,Zachary Smith,"62281 Kathy Tunnel, Hudsonborough, IA 96519",pbkdf2:sha256:600000$hxm07nt1M7ufXdav$4bf711296230f4ebaf63dc994361c4d1268b754d0b1c96f015a88373ed2d08f1,1813.55,2025-02-21 07:31:40
13,13_allenalexander@hotmail.com,Daniel Edwards,"6237 Thomas Inlet, Lake Mark, WY 98452",pbkdf2:sha256:600000$YFmfVpHQoRPYPNZI$3714e9c405261d20f4f3cd1704959ad96373f5edb8bbd9da60583708c1854b84,870.63,2025-06-08 16:42:50
14,14_powelltyler@gmail.com,Heather Powers,"9438 Hughes Village, Jasonshire, MA 32305",pbkdf2:sha256:600000$xiOTJeehwktaaDW4$5cd31c6b06b1f5232b37ed3d199b2e420e1362cc36c1e4f66e2bac8f5a6c1466,125.49,2025-08-16 15:16:31
15,15_allison23@hotmail.com,Justin Branch,"39342 Miller Mission Apt. 781, East Scott, CA 56435",pbkdf2:sha256:600000$TvliaYHV5VYHBRlh$cac955d55bbe4ff135b934045c8864070ff8062aa3660f1daf154b70f6a6222b,1023.16,2025-09-04 12:17:20
16,16_kimberly87@gmail.com,Kyle Powell,"PSC 8209, Box 2805, APO AE 25783",pbkdf2:sha256:600000$ftaXLGSQ5ZIL8xV8$ff790cb234ee6dd9c64e0ac8a5cb33d0f5b66b0151e6620a3c88a04ad7dc03fc,3784.01,2025-09-09 19:31:31
17,17_emily97@yahoo.com,Corey Gutierrez,"61511 Michael Fall Suite 905, Gibbsfort, NJ 11045",pbkdf2:sha256:600000$jeVy1ONvUFhv7wbl$a45f1958a69a512abc175090113406dd68dc30cb1780df6f1b9f3a77faabb0c5,1033.82,2025-11-30 04:55:18
18,18_kimberlynunez@yahoo.com,David Perez,"532 Dixon Place Suite 126, Tammychester, MH 57653",pbkdf2:sha256:600000$gCgU8DIMTKp0j7mR$89f928216e3aee166578fded351f0587d990715747d952c4343585ae79ed5536,3221.46,2025-04-06 09:34:52
19,19_michaelanderson@hotmail.com,Brian Richardson,"671 Kimberly Plains Apt. 223, East Anthony, DC 65125",pbkdf2:sha256:600000$I5bA6nyq6c0dj7dp$ebbd54eac15ea5bd396361bb2c888a2908a64db37e2a7a7361de9c48f77afa90,1284.26,2025-05-19 15:14:23
20,20_lbaker@gmail.com,Heidi Sharp,"061 Cook Parkways Suite 079, West Marissafort, OH 85040",pbkdf2:sha256:600000$CSqzD19FJbQR2AZw$80a80d36341af5eef2ff9c1649a58563deff4903be37c4187836537d4a836d67,4537.54,2025-06-03 01:11:33
21,21_joannestuart@gmail.com,Brian Kennedy,"754 Salazar Village, South Michaelfort, IN 86508",pbkdf2:sha256:600000$oiqycGlgNzTyjUCk$9d27b010fc6fc8929db69f5a7cc7682e94a73f531fb8c4ebb749b8ad50c93e50,3888.49,2025-10-03 11:09:34
22,22_erica29@hotmail.com,Lisa Gaines,"140 Christine Shoals, South Jamie, TN 42383",pbkdf2:sha256:600000$rxeHNPYihDUKqRem$2808358689c7078d327e590ffa4b786f6947451dd5ecb2b10033d2574e93b0ed,4250.36,2025-03-20 07:34:14
23,23_lopezsarah@hotmail.com,Karen Perez,"50592 Myers Field, Crawfordburgh, MO 06678",pbkdf2:sha256:600000$zMmOKOnloqI7xLww$c7226caf466a437cc6330d6ea43d22a830437152ff0dfb470f7d08f675928a65,3611.94,2025-11-02 15:48:21
24,24_meghan71@gmail.com,Ashley Sheppard,"7835 Andrew Fords, Port Robertshire, VI 54423",pbkdf2:sha256:600000$Q36hkJ1ijifzQCH3$187aaeb090546a49857c0480fba446ae0f92edc93d20669b6743c0ca68ba47b3,1252.98,2025-07-30 01:01:49
25,25_owright@yahoo.com,James Brennan,"5938 Matthew Plaza Apt. 270, Martinstad, CT 80907",pbkdf2:sha256:600000$TT9XbdbK6EbwDpCN$b978263b6e86f649d933d054daa1472c1582c1342d99ba8c9fd483d633c2c856,-1136.34,2025-08-06 23:08:20
26,26_brandon38@gmail.com,Veronica Hunt,"4934 Lozano Place Suite 716, Gavinton, IN 93065",pbkdf2:sha256:600000$OXVgq2azy1HmxNfV$da7a7a79612fe06029e01c01aca14fcc38ad78e7ddaa8b7ee0efcaee05e067b8,3627.51,2025-11-10 18:30:18
27,27_smithjulie@gmail.com,Scott Fletcher,"5641 Brenda Streets Apt. 008, Lake Seanmouth, VT 87205",pbkdf2:sha256:600000$LRGA789OhaGZFGHd$3b42a4c5cf7cad4dae616dc56771fe328cdaf886e1adf4d9fafd599a4dc63d1d,-1273.38,2025-02-22 05:31:41
28,28_lyonskayla@gmail.com,Veronica Harding,"363 Lopez Fall Suite 299, Willisbury, MH 00861",pbkdf2:sha256:600000$VD1QCmDg8Qd1nwor$fe220a68965b4eea4082d43d63164c263595634a380ff06094408ea6ca422168,2702.96,2025-01-22 00:47:15
29,29_imcclain@gmail.com,Lisa Beltran,"239 Mariah Ports, Robertsview, IL 53341",pbkdf2:sha256:600000$jA8hPJE6SWt4V1rF$ea1b48bde8f9468927925eede5dcbb8f3cbebcd7ea218d2347ce4557e083974e,1983.15,2025-09-23 21:21:25
30,30_pwang@hotmail.com,Kelly Cunningham,"95052 Adams Orchard, Smithbury, SD 86285",pbkdf2:sha256:600000$XniG8dbTJqu7nicN$ee03fbd0475e43be7c1ee1fa654ed5bea641f609f8089f685c3335cb224498c0,-1221.91,2025-07-05 09:49:56
31,31_haley65@hotmail.com,Michael Davis,"USCGC Brown, FPO AE 08197",pbkdf2:sha256:600000$7RK9BzVpNLDvXkYp$b3954dcc11fd156854b1e9eb8257341daab622a3bc06448991268ab9284ee256,3063.09,2025-05-10 23:06:45
32,32_joylowe@yahoo.com,Chad Bridges,"532 Stewart Mills, Lake Dana, KY 89011",pbkdf2:sha256:600000$k3UJPcinLNWoLItf$572399df0c602abcf86a8a2be171a92f5a4bc24cdb46899f796a080650ff8e7c,4038.18,2025-10-02 18:18:28
33,33_sandygarcia@gmail.com,Dalton Fritz,"647 Michael Trafficway Apt. 037, New Evelyn, GU 01420",pbkdf2:sha256:600000$co4kxIx39Ps2AFXx$0ce806e93a894c8f991e36cc8a4830fde07cb02bdb0dc20dc9dc720c7f353388,3275.31,2025-02-25 16:06:21
34,34_cgiles@yahoo.com,Angela Soto,"511 Sanchez Canyon, Port Jennifershire, CO 61535",pbkdf2:sha256:600000$2S7WGey97vBMNoV5$caf67ba9f3ade19056e123e8553f1f1edcba69a3dc45bf4b726b5935548257bc,1863.09,2025-11-16 00:47:15
35,35_pjohnson@yahoo.com,Joshua Anderson,"967 Ethan Avenue Suite 164, South Nicole, KS 68053",pbkdf2:sha256:600000$Fm9MDCIsY0HaTYYV$802cf14084a95358d17d9e9c2bc35a8de6d9b16a4619dd7ca1995aa98f80869d,995.04,2025-06-06 23:01:42
36,36_amy84@gmail.com,Megan Smith,"031 Sean Expressway Suite 427, New Nicholasville, CT 41107",pbkdf2:sha256:600000$xjrGEr8x0G8CMpTk$306be8ca8ed7a3d2ae22f7a6ee7f15581f8bdf9a6b746b0c104d24a4b00f2b23,1999.81,2025-02-02 04:21:06
37,37_caleb01@yahoo.com,Keith Jones,"347 Spencer Road Suite 472, Craigchester, PW 52259",pbkdf2:sha256:600000$ZCr8LVbm42z5dSvO$ff47eef27fece68f6ecf4f1c40c5b95a34d27bf7870b3772016f7aa001c1a41e,3698.95,2025-10-05 08:21:43
38,38_richardsandrew@hotmail.com,Jordan Parker,"19131 Reynolds Crescent, Robbinsmouth, NY 95807",pbkdf2:sha256:600000$UfXDTvWkgfYK2yoU$b0e615e96bcc327e53b645f7ad2ecad108735fb6153231da03b7cfbced7cd893,3680.50,2025-03-07 06:22:12
39,39_michaelross@gmail.com,Katherine Webb,"505 Phillip Throughway Suite 842, Brandonview, VA 10929",pbkdf2:sha256:600000$IOI3lXJfRRYax1Q4$11c5101840d7b35e42d3dc3808a766621e2f39f8853de9442ca715446e9f1ad6,3702.41,2025-05-11 01:44:23
40,40_rebekahsmith@hotmail.com,Ricky Barnes,"2648 Flores Stream, Henryville, KS 79832",pbkdf2:sha256:600000$7Whq83D2Q1ZpDttQ$5e74f8204871b2d61850393211d8e0d02a127e6402e5ceb5db5b6d9597694a8c,2806.71,2025-05-03 09:08:24
41,41_courtneyhart@hotmail.com,Tina King,"75051 Claudia Creek Suite 495, Port Adrian, WV 62767",pbkdf2:sha256:600000$iVVBq4WuxD2LPLRL$3e057eea680cbd365e8cb94ba0fe86416b36fade6362c3117869940a946bd1b9,2157.62,2025-06-07 06:28:42
42,42_crystalconley@hotmail.com,Philip Smith,"46287 Gallagher Road, Lake Lindsey, KS 23727",pbkdf2:sha256:600000$u3g9LxUXVVoL6RkR$c19fcd54dc2a1b43d2b8f1818f0fdd1a332af265f66a51c82f09f04ec31499fe,115.70,2025-03-04 20:28:31
43,43_morrislarry@gmail.com,Joshua Whitaker,"25689 Kemp Fords, Cortezbury, OK 01464",pbkdf2:sha256:600000$jCTpe58xR5t237Jq$3819445372a3d3561e188d92b243e90534c9a42816813e56be1ac1839645e7d9,2263.62,2025-06-23 04:18:35
44,44_vfreeman@hotmail.com,Tara Shaw,"979 Davis Manor, Lake Rebeccaberg, HI 90658",pbkdf2:sha256:600000$gfsA7b2ei4Zz2PTK$079b414f33cfdbeca874e696c9cf72e548b68121248b796f33dd4027a7aa8ffa,505.10,2025-04-14 04:35:56
45,45_ghancock@yahoo.com,Allen Trevino,"PSC 2652, Box 8592, APO AE 12680",pbkdf2:sha256:600000$TKMrYInVnO0bqflJ$8a84712a4530bcd0c66005cc56837b84aaa565a02c9e23aaf414aa3ba05fad92,-624.37,2025-04-05 02:25:35
46,46_amandasnyder@gmail.com,Billy Hudson,"73849 Edward Vista, New Matthewport, MH 72138",pbkdf2:sha256:600000$CqifYCI1jhDDZONG$1b59a91697d4c9eaa7485d58e8008f3667e499171b866a79dc4210fce7348d25,-519.47,2025-11-04 13:52:27
47,47_ashleylewis@gmail.com,Marilyn Rodriguez,"4229 Hill Light Apt. 972, Floydchester, WV 51245",pbkdf2:sha256:600000$njzJKqGq479hyVNQ$de903f6a2499cc70470ef95838287b8f7a3c226235a61dfbb77f79334c061141,772.81,2025-02-19 23:55:01
48,48_williamdoyle@gmail.com,Miss Heather Lee MD,"Unit 8522 Box 1442, DPO AA 39097",pbkdf2:sha256:600000$UOlRqlM0rj3ahcY5$e07f57e08f10dad192ff799e2effff9cbeceb11db300c45037581232f361e0ca,3140.36,2025-04-06 23:06:19
49,49_kennethwashington@gmail.com,Jennifer Marsh,"2052 William Rest, North Jessica, MH 74153",pbkdf2:sha256:600000$MLjPkgPDwQCkYNV1$d6247b68c70c01c8e107a52dc5f028d6201a8ebdf15daa5b45ff9e83da1e8121,-399.36,2025-02-10 08:40:05
50,50_ulewis@yahoo.com,Amber Mcintyre,"90150 Michelle Parks, Larrystad, WA 86307",pbkdf2:sha256:600000$pJ8exQgDb0XwOYhE$0f37db88825a7b96e0a7b91b1843b26cffeb4d9b14b4397cdc2e8e23aafee1b5,1082.97,2025-07-28 07:27:00
51,51_collinssteven@hotmail.com,William Mccarty,"PSC 7348, Box 4436, APO AP 59071",pbkdf2:sha256:600000$2Nx6jlNQxo9ovJSJ$c17c8e2ba8cd7301c30b61be0b26b4bededf0a801ee87b4edcf74fd8618de086,-791.36,2025-07-05 03:42:31
52,52_tammy10@yahoo.com,Glenda Maddox,"0074 Heather Mountain, Lake Katrinafurt, OH 07808",pbkdf2:sha256:600000$B5c7tqXLhbgfkLeN$b6f80bdceca2a2f8c37095afeb961a17b83d9f337d17fb64a6982344ba325fe5,-517.09,2025-04-13 15:45:31
53,53_xprice@yahoo.com,Tiffany Phillips,"90555 Valerie Springs, Michaelchester, ID 47804",pbkdf2:sha256:600000$zZo14ZsYooa0dOMS$e012fac0bedc666adf2c08f4a5ea0f50f87125cc37f6b9b321bf5016c9070ad7,1483.93,2025-08-12 08:51:06
54,54_randallwendy@yahoo.com,Brad Hogan,"93697 Greene Lodge Suite 042, Port Maria, DE 66558",pbkdf2:sha256:600000$DXgkRNScXya5qJbg$f05846ad6a6c37935a2f74636dd8031729fa35923e5ed27839f7b526f2e931ab,2111.16,2025-08-30 21:49:57
55,55_alishavaughn@yahoo.com,Julia Galvan,"34225 Morgan Ramp, North Daniel, KS 75837",pbkdf2:sha256:600000$CHUvXPa6NxvIL9nG$3f9750a53fa907febe00d38f479f2796c8af2c9dd91ea62370a1b2f84f9b6d96,-724.82,2025-04-22 07:23:22
56,56_jenkinsmatthew@gmail.com,Jaime Rogers,"3236 Gonzalez Ford, New Juanborough, NY 13836",pbkdf2:sha256:600000$SKtLjKnh85OhYWDi$aaf65fc9a0430cc92cedb8438266b4260f4dba7bbd012a9174550aa88e4c4b38,1344.00,2025-11-12 08:39:10
57,57_carriecollier@yahoo.com,Michelle Brown,"29871 Charlotte Key Suite 047, South Jeffrey, OR 41776",pbkdf2:sha256:600000$Jn8JrAq7JZJSwewW$bd3d7bc8fe389810f5776cb5995f4c317e88ee187fcf2cdd80aa553ec9c39caf,3262.24,2025-01-10 11:34:02
58,58_ojones@gmail.com,Nicole Johnson,"4938 Andrea Square Suite 279, North Natalie, MS 76915",pbkdf2:sha256:600000$jiPmHIcXxfAyIFnb$9787798b455430ee9c062f88213875423b296d1b574835a76b83647fc14eb950,1647.55,2025-07-06 08:10:22
59,59_kristinperry@yahoo.com,Jacob Roy,"47990 Austin Ridges Apt. 256, New Kelly, WV 64262",pbkdf2:sha256:600000$QgrifkUsQoKzGe4C$6fe7c2a10300d908fe58d5a785760cdaee50b5cd5c30554f2ee7041d6eb51c7a,971.76,2025-04-06 20:01:46
60,60_lisa79@yahoo.com,Stephen Bernard,"17811 Frank Mall Apt. 845, Jonathantown, NC 08779",pbkdf2:sha256:600000$opRaRoiHmD10KkhX$603bdbdf7b4986198538fe3fefcba5c165a47df38da75e1496f6c525954c9286,2029.84,2025-09-12 21:04:22
61,61_nancyadams@yahoo.com,Tammy Peters,"153 Teresa Well, Ramirezborough, NY 94251",pbkdf2:sha256:600000$Kl3l1d6IxCiywD3T$51be66d29139714bd748b03230c8096f761aad0471f7f2d6d61bdcc2b4a410d2,2459.01,2025-10-21 17:55:44
62,62_lnoble@gmail.com,Christian Smith,"Unit 1747 Box 8579, DPO AE 85958",pbkdf2:sha256:600000$5WI45wpNDxtZim9f$b79aca925bc86a2683f8f22c24aeb3b2f25a9ed4c82f6d6af0baf505ea2f7360,3663.72,2025-04-30 16:53:07
63,63_privera@gmail.com,Patricia Pearson,"36407 Marsh Courts, North Mitchell, MD 82934",pbkdf2:sha256:600000$Azx4EXIxcwhuQ0lY$6c657dfb947eb77822d59d2f6e68ebe88c6d6b9365ad85177550f91e4e158170,-531.06,2025-07-22 21:22:28
64,64_brownkelly@yahoo.com,Anthony Gill,"75331 Reed Shore, East Gregorybury, MP 73018",pbkdf2:sha256:600000$SIGD49TKulXMEwoM$8bf6ccb93119ea5297fd0e35d0d1c4b3d696a997c6c8dbaefdcf6e4c87288874,1910.54,2025-02-04 11:35:37
65,65_halemonique@hotmail.com,Eric Saunders,"7131 Jamie Rue, West Nathan, ME 91568",pbkdf2:sha256:600000$1Cfzwi7TeodtlUgD$9599b0507a792109f701fe4d3b2a9430f3407c392cb3935af97633f245e167f8,2014.27,2025-04-19 15:47:45
66,66_oadams@gmail.com,Aaron Callahan,"7399 Amanda Flats Suite 324, South Monica, RI 14378",pbkdf2:sha256:600000$ZOTv23S2VfzWDuQp$0e9056328077c02860aff3ed86418bdff69895d5ec0e2062116923658b2d52e8,2172.36,2025-09-30 01:44:00
67,67_lrosales@hotmail.com,Carlos Davidson,"670 Orozco Walks Suite 505, Diazmouth, MH 09329",pbkdf2:sha256:600000$M2jqUVNQtAY2y6xS$85ad9546bc72493e4191a112c415bf021ed272c1ef00ddac2d10258c8e2cf11b,1463.80,2025-02-06 07:27:48
68,68_marydelacruz@yahoo.com,Timothy Harris,"143 Brian Corners, Robertsfort, MS 36597",pbkdf2:sha256:600000$P9HCobKp8zLOwZ7L$3f6459c352f9383ed6cf14782ae7fc76bf4a8e8524481adf8aa244d7f9b8a51d,-48.57,2025-03-28 10:02:29
69,69_conleyjennifer@yahoo.com,Dale Brock,"401 White Views, Ferrellport, SC 67367",pbkdf2:sha256:600000$MJVuBUfu9kk3tCy9$a2d8039db37d1ff6673fa3c701b876e1c0f0d2b287fd7a0f4b5a3989a9f85b6b,-1145.18,2025-03-01 03:00:59
70,70_kabbott@gmail.com,Danny Poole,"163 Evan Estates, South Michellehaven, WV 30037",pbkdf2:sha256:600000$wfkQasvpslfzbyIw$e44930b72e69e7a638356744712fc115a53e1c6fc63e005262d454654ba2546d,3205.12,2025-09-20 08:50:34
71,71_nsimmons@gmail.com,Kevin Lynch,"977 Heather Mission, West Johnbury, MP 98995",pbkdf2:sha256:600000$eQK7ulXshyoq7Do0$5e403bde765213dd242541f72878ccd201c89d0f73f48536eb885517d623ec3f,2728.93,2025-05-03 19:49:19
72,72_knewman@hotmail.com,Margaret Collins,"PSC 2658, Box 8335, APO AE 81502",pbkdf2:sha256:600000$L3eLC91WY4utfGqF$f6cc97e9063f0cae2a89379f4ad5b05d1746a53fc61e65f2a2265ad19d47d58e,-81.82,2025-07-14 01:21:49
73,73_meganhernandez@gmail.com,Ronald Franklin,"00927 Martha Villages Suite 468, New Thomasview, KS 04899",pbkdf2:sha256:600000$Vr8xnwDfjq01mmXM$5924dab96cc5cb6e9c8b96acd84beefc1537c4ec3dd2d4d007d91b370d3a921c,2037.86,2025-11-25 02:48:10
74,74_tammy52@hotmail.com,William Collins,"30577 Wendy Isle Suite 924, East Alexandriaview, IA 11129",pbkdf2:sha256:600000$uRxNNHIlMlXhUAgR$699b0346812e6a48a460ab01e71febbf604103101dac8c4b04bcf3f284478ffc,971.12,2025-06-28 03:52:16
75,75_scottalexa@gmail.com,Diana Woods,"9920 Candice Fall, Port Anthonymouth, AK 93360",pbkdf2:sha256:600000$ajECU5qP82SbT3aI$e5118c9c0bb52c79da9960f5a2be1fd788f936dfaa0bdfc7335f35d6871175da,4581.92,2025-04-27 05:06:23
76,76_petersonkimberly@yahoo.com,Kimberly Park,"1461 Hull Route Suite 956, Lake Davidtown, FL 70328",pbkdf2:sha256:600000$mkZacvLBGKQREQck$aa011002144c1559ec7fb518407fedf33fdac441ed744ac69a36ba4bf01e7a3c,-461.78,2025-08-08 13:21:27
77,77_lorimccullough@hotmail.com,Edward Andrade,"300 Salazar Square Apt. 339, Boyerhaven, VI 23452",pbkdf2:sha256:600000$vUEH61erXtaNAOk1$4837b547c2b81c01092b8edd04e1d783571b56b1ae7a636ebe799750fc1494d3,3673.51,2025-02-26 16:19:42
78,78_ashley18@hotmail.com,Jose Johns,"6160 Duarte Spurs Suite 695, Bushton, VI 02744",pbkdf2:sha256:600000$DK0Y2ko1MKDMOEam$a28e63158c19e6e33270adeba9678e6f258cfa1ea3a3d6a2ebe6469c81472322,68.37,2025-07-11 15:59:58
79,79_monica99@gmail.com,Erin Williams,"1218 Thomas Branch Apt. 431, Jonathanfort, MH 29668",pbkdf2:sha256:600000$jIJ104FuB6ZyYKgt$aad992f291dca638ada121370d363305460022a4806d97ba86227df5725e07e3,3566.06,2025-04-15 18:25:03
80,80_connor56@yahoo.com,Kyle Rodriguez,"50019 Rodriguez Junction Apt. 555, Dylanmouth, CO 33868",pbkdf2:sha256:600000$OGrIpiJ59RLKphjL$6a9e08910092b690d3526db8fc68cf2b926c340532ca5de0f284ecb0cb48fa4d,2367.24,2025-05-14 00:40:10
81,81_jacqueline52@hotmail.com,Stanley Rivas,"77167 Austin Spring, Perezberg, OR 63172",pbkdf2:sha256:600000$LmqSb9WPLKW4HxLT$e8bb9ad3da86454a11c66141df58004f1183081014cba4c5b8ca107c77f6c03e,3211.02,2025-06-23 08:35:06
82,82_taylor42@yahoo.com,Michelle Smith,"6984 Kim Squares Apt. 742, New Ianview, WI 37389",pbkdf2:sha256:600000$VCgCYIZtbXoezSAQ$b1b8dc4fc6d8e28d3e8ace5edb23c776f3609f84874e01eb0639615235157669,-19.44,2025-04-18 13:50:14
83,83_salvarado@gmail.com,Raymond Nolan,"371 Gail Ramp Suite 805, Kimberlymouth, NJ 83584",pbkdf2:sha256:600000$pun4tEmleYDklYez$93be8c5361c6a2beb1ffca38dfd76f1e3a1e73818a478900ae72d4f32d55b5a3,-313.40,2025-10-06 05:22:16
84,84_christopherrodriguez@hotmail.com,Katie Hutchinson,"Unit 2653 Box 1632, DPO AP 30982",pbkdf2:sha256:600000$z9eULSPpQsVOISOG$640175930a4037377052be54d99c11ec188157ed6e2a7be2e8c683feae4c6d0e,3701.51,2025-07-02 19:06:38
85,85_stephen01@gmail.com,Amy Decker,"64315 Matthew Neck, Kelleybury, MO 09789",pbkdf2:sha256:600000$D9FseUCsNa7QQDmk$e0cf96b7abfc3e9a5eb6c90c9a0966cebe1012ca67ceeabeaae9a2ce828e9ad8,1755.38,2025-07-08 04:28:31
86,86_wpeterson@yahoo.com,Debra Ruiz,"730 Joshua Knolls Apt. 997, Rhondabury, PR 03706",pbkdf2:sha256:600000$rb7SQeu8G6bFgjkH$5dccdb0f37f50f2cdb4752115cfd56ff2626687ef65f7002d591b0174e57ec47,1806.77,2025-11-02 04:03:44
87,87_guzmanmichael@hotmail.com,Thomas Hernandez,"89096 Steven Skyway Suite 426, East Jeremyland, AS 12664",pbkdf2:sha256:600000$Rjucrv7LUOkdGRpG$d5dd3c9f377a25102515f4c40daaea76aeb11bc12000c8fc6d219dfe31a3726f,2455.09,2025-09-20 21:58:54
88,88_margaret52@gmail.com,Parker Smith,"6159 Mary Parkways Suite 452, North Jamesland, MD 29524",pbkdf2:sha256:600000$PIseAgi3xyjTV6ad$9c8fd8d216d08cd9f5f606df571b8df2da152cf77d803bbe447dddb36d3dd5d7,3485.53,2025-04-09 21:32:02
89,89_david98@gmail.com,Kevin Clarke,"38672 Tonya Pines Suite 481, South Joshuaton, FM 94556",pbkdf2:sha256:600000$T6a5uRSPW4IdQ5zU$5e51d474af2febdd26c6e5f816c2c04bbea1180f35ac86721db3923305e185bf,1872.92,2025-04-08 12:18:07
90,90_scottmiller@hotmail.com,Janet Barnett,"873 Smith Branch, Christinatown, PR 08584",pbkdf2:sha256:600000$ZpdHezNhctf6BZ9z$010d84934d41c3be495057c1d081925d1e1b7e870911b5c010b0030644e573c1,4066.44,2025-08-22 00:12:40
91,91_christina29@yahoo.com,Erik Evans,"9569 Ball Unions Apt. 630, South Dominique, WA 44710",pbkdf2:sha256:600000$hZrQHL3NMZNhuhZj$049f0fe27c0f17f8adcb8151ba00a6224c75833a5500251e8a23b96140db9590,4021.67,2025-07-17 04:37:28
92,92_daychristopher@yahoo.com,Charles Beard,"USNV Sanchez, FPO AP 13494",pbkdf2:sha256:600000$DOiJl5igOHPiwHQR$a23fc6a9342e87c6d096d98b68838ac299947d80b181f0c5669f8d8eeb21865e,4163.81,2025-05-15 10:30:42
93,93_april05@hotmail.com,Kelly Morrison,"10157 Fuller Lodge Suite 550, South Christopher, MA 18397",pbkdf2:sha256:600000$hnSKzmmXCePts9CG$a2fbc1e33dce2070c625eab940d4ee74eb04decb3f41c7772c88974fead01477,2226.03,2025-06-10 11:27:43
94,94_lbush@yahoo.com,Jeffrey Robles,"56162 Lozano Stream Suite 426, Reneehaven, GU 16280",pbkdf2:sha256:600000$kPDA6OsknSbrGjeC$26aa6cb8ae1e7d681304af19812bf52c11ef2b50899a6a53c3e1adff036b91d8,-199.68,2025-11-02 16:28:58
95,95_jordanmendez@hotmail.com,Matthew Ruiz,"438 Clark Village, New Kimberlyview, OR 47692",pbkdf2:sha256:600000$CTbBrRY5SjlXpL6N$4f949b99c01c4a62b6187ece2c2923934f6c3058b548267168078ba042fea4ab,-283.66,2025-03-28 09:35:54
96,96_suzanneortiz@yahoo.com,Leslie Larsen,"50278 Gregory Parkways Apt. 223, Molinaton, CA 70988",pbkdf2:sha256:600000$mJjmHhnoWsgRoTdU$3bc5d2985a4823ea8c06a87d24af7aadc89cced819451d519347a29e32dd54d8,2384.57,2025-01-12 01:57:00
97,97_patricia70@hotmail.com,Jeremy Hudson,"49432 King Corners Apt. 668, Port Michaelview, PR 35187",pbkdf2:sha256:600000$ry0JlttoMkbGe5Vt$086cb280f4fbf64f1c46145ca0aef0198d4f098969cdcae88e6d048a7c10d66f,-372.57,2025-06-16 20:49:00
98,98_regina68@yahoo.com,Lindsay Howard,"USNV Burns, FPO AE 97311",pbkdf2:sha256:600000$r4AkUiLE7UbiIBJx$86ea14b0c8dd398bb783005bef908b2daf7d2a0728be372fcf9c79d7c89e9f9c,974.58,2025-09-29 18:13:06
99,99_bonddaniel@yahoo.com,Sharon Davis,"0834 Sutton Viaduct Apt. 268, Josephfurt, NC 85764",pbkdf2:sha256:600000$oSRe03iplOGWawTC$c44860d985f6994149f8e5ede49d9540a3fb694568d978b9ce05c3904ace3fff,3241.11,2025-11-28 21:48:07
100,100_ashleyjohnson@gmail.com,Sarah Crawford,"5392 Velasquez Common, Floresport, SD 41656",pbkdf2:sha256:600000$jX816JC6omjYdQs1$5cc170456b7832849717f5892fdca261ec959904d2cd4666a85f471bcf9882d5,3253.12,2025-08-09 14:19:23
101,101_robinsonjason@yahoo.com,Mrs. Cynthia Harrington,"8806 Lopez Brook Suite 521, Lake Logan, MO 89012",pbkdf2:sha256:600000$ZhgbJGiZAGqmJxKH$ce01658ebba42a110df4e96c76aa285cd8f47de830b00d85ff63f5d4f80959c3,-856.89,2025-05-04 15:26:29
102,102_dennis87@hotmail.com,Tyler Grimes,"3536 Murphy Bridge, West Jerry, MH 39807",pbkdf2:sha256:600000$w5mPZpSYLxy2dVde$d2ae464677af2d3a0d66c061a8db201b188216f40230485f76e2282e6a4fb84a,3295.18,2025-02-24 12:51:00
103,103_yortega@gmail.com,Kyle Peterson,"57334 Lee Drive Apt. 737, East Mark, TX 02543",pbkdf2:sha256:600000$Xmqmxq7qhlhKBJZc$f38863de09d7b0c7213f8efac6dc1bd687d565edc115e287aeead9f79ae86a3a,3342.53,2025-03-02 08:29:04
104,104_ukramer@hotmail.com,David Harrington,"1416 Kimberly Rue Apt. 151, Nealchester, ID 45505",pbkdf2:sha256:600000$IYrgLZHY4pwQdaSC$148b83da000282d2c3b6c5836eca455006a9b337cab78afe75e7a46a33fa9858,3161.00,2025-11-08 15:30:00
105,105_jaclyn81@hotmail.com,Jamie Harris,"7789 Elliott Mountain, Port Kimberly, AS 14631",pbkdf2:sha256:600000$P1wU8jPheLYKBhiP$37b394d40fe91c084df8218f152d78177e0a7e9707eff7eda9c411fe791cd0ce,3384.57,2025-07-31 08:56:44
106,106_robinclark@yahoo.com,James Stark,"2371 Paul Coves, Port Ricky, NM 39778",pbkdf2:sha256:600000$CysAdisv0HMnCMff$fae4d5a8d0526521878fdc035d56f9a5b2ec03908402022f23a94825658a94ab,4349.96,2025-09-10 16:18:31
107,107_colemanmichelle@hotmail.com,Sonya Bowman MD,"4856 Julie Village Apt. 712, Michaelchester, UT 36804",pbkdf2:sha256:600000$LYvrwex0Y6hIMRKB$e1221de86d5565a992c7499038ac38e6b43c3c3d902d3507044a4f8c132dcf56,2679.03,2025-10-09 05:06:06
108,108_andrew62@hotmail.com,Marie Richardson,"13296 Courtney Street Suite 545, Mosestown, WI 04449",pbkdf2:sha256:600000$nOXFF12tbVlyQphh$f4832b63cc9ec2217e601e9492354e8e9a498fd523010ed8e23515ce454c6e4a,280.39,2025-05-25 09:32:59
109,109_zamoracharles@hotmail.com,Kenneth Nguyen,"2872 Owens Circles, Hesstown, NH 50924",pbkdf2:sha256:600000$1PnMpLcmcXNYDJBj$de4ec8c83cb39b3da19335ab1bc7887622ca9ec5fd488f365843a0bb2f7249ec,817.93,2025-11-22 16:56:03
110,110_makayla28@gmail.com,Linda Wilson,"02455 Joseph Loop Suite 590, Shafferberg, TX 34500",pbkdf2:sha256:600000$aE2UK0Q0UGas9ymN$439483b5c9ccf3e5575cab0d5e999ecdc48cdb2415a8a76ae68ad49ebd331049,1764.58,2025-03-17 19:39:46
111,111_stevenjohnson@gmail.com,April Hall,"5729 Suzanne Flat Suite 314, New Kevinmouth, TX 50942",pbkdf2:sha256:600000$i7biPsiEVs0JCnXO$711f23431053291e718e491b7818a38f1de6e8deacebc520a06877090ed7bde4,2511.08,2025-10-02 11:52:48
112,112_levineantonio@gmail.com,Michele Cruz,"91819 Johnson Burgs Suite 615, Lake Melinda, WV 65328",pbkdf2:sha256:600000$3Nsh8WKekk4sz3AF$ef2f7a6fc52b53e75fc2e8101eb19539ffa60c624bbf5d4dab813c8773f11ece,-712.39,2025-10-29 11:42:52
113,113_willisjane@hotmail.com,Lori Cameron,"504 Robin Radial, New Larryfurt, NC 61505",pbkdf2:sha256:600000$lzifwxrvLblL9VvE$390caecc5a595826c5e31e77d3e7e8a7c5d80894df5b78a97b876e04e427654a,576.75,2025-08-11 23:09:12
114,114_samantha56@hotmail.com,Madison Robinson,"44203 Kaufman Spring, Taylorburgh, FM 16635",pbkdf2:sha256:600000$3GhSSzbMteYQpNOA$5243d90f1ed99cf07a9e674b3c6a69bf810d635ebcd9369ef2cd8ac86859975b,3365.22,2025-10-17 05:46:10
115,115_christopher43@yahoo.com,Lisa Collins,"5175 Molina Wall, New Jeffrey, PA 08746",pbkdf2:sha256:600000$FQSSWvyZSoArCduf$75067044317d5279091356ec2225f17968decb9af746d26da70f7c3ddac53845,3552.65,2025-03-16 05:17:32
116,116_steve95@hotmail.com,Austin Hardy,"0612 Gina Parks, Herrerastad, MI 66613",pbkdf2:sha256:600000$aHFYc99iziUJXDr9$462f312df8b35be5d631d530254bc4fdcc9861c3682168db18b87582495da45c,273.76,2025-09-02 14:47:18
117,117_christinasullivan@hotmail.com,Donna Alexander,"PSC 1196, Box 9349, APO AE 13342",pbkdf2:sha256:600000$75QQijysgKfeVer5$d1e0f0af53187b4b91f5a35649fa739df66a56deceb263bfad6bfebd49aeedc9,-125.57,2025-11-12 07:06:53
118,118_janderson@yahoo.com,Jane Schneider,"569 Lopez Key, Kennedymouth, AS 86240",pbkdf2:sha256:600000$x3jPENFeWavpSSjj$f47f39c49181c014b50615add3ea58b137608273abd1e9a135c80b092d2850f7,2290.58,2025-05-24 05:03:55
119,119_simpsondorothy@yahoo.com,Rebecca Pope,"492 Robertson Street Apt. 905, Carterville, NV 72021",pbkdf2:sha256:600000$7k7DqKCxHQ2ZlC8j$da5c283f4dc8efabacdd63b1cd4d3184e052046a0dbc8e923c4d5df783a72d29,67.96,2025-03-07 11:47:55
120,120_mccartygerald@gmail.com,Jacob Butler,"815 Emily Prairie, East Alexis, MP 20550",pbkdf2:sha256:600000$P7XUFQelRxvgKxjA$e7a7dfe0bf90347d97f8bca22408bf6eadb46679a3423bb8c5785cd0c61e3ad6,205.14,2025-03-14 08:08:05
121,121_owatkins@yahoo.com,Michelle Oconnell,"79514 Emma Club, Lake Jaime, ND 05737",pbkdf2:sha256:600000$P8NwpzW6x9VvnZsc$53633ec9c5060267925d70d433a0efd50050f947dfd9c1a44d347ccc5e58b5f4,1223.63,2025-09-09 12:02:21
122,122_joneslatasha@yahoo.com,Mathew Martinez,"998 Graham Overpass Apt. 370, Lake Kristinmouth, VA 22517",pbkdf2:sha256:600000$ZhmPqhtzgvtrHYp3$52f81a72ceeb9d40cb4cfe4df8027203941e04ee89e1903e59895e6d5ac571c3,3481.15,2025-02-17 12:53:56
123,123_gwilliams@hotmail.com,James Brewer,"31733 White Lane Apt. 901, Chandlershire, OK 91542",pbkdf2:sha256:600000$9QcoE6844LeBmjw3$ca2b4045170756656c6f03076485ed7809da303d72be2312e145917b9d639e00,-1023.05,2025-10-26 11:51:05
124,124_josephmartinez@hotmail.com,April Adkins,"9958 Tara Brooks Suite 414, Smithfurt, VI 11036",pbkdf2:sha256:600000$RP2WMuipGBShLMrH$3fa5c5257bb2d3ed25a6983e751188a4388af133dac069b7eda3a5bff73c5f3d,-321.57,2025-03-07 22:01:38
125,125_johnsonoscar@gmail.com,Rachel Richmond,"76538 Rivera Meadows Apt. 688, North Albertport, SC 28403",pbkdf2:sha256:600000$ZGmMPxvrFRjeCV3v$6e24abb2a5f1ed377091cc79110dd043d1f5e4464ca37ac576ccd3866deaa928,1720.65,2025-01-07 14:27:04
126,126_gjohnson@hotmail.com,Joseph Cole,"Unit 0561 Box 9216, DPO AP 56472",pbkdf2:sha256:600000$zW719iD2yThD4EPG$f32416893e8cdb91e7f145673a135ce2d1bcd7e44c7ba2a174db23380a1dee4a,2606.53,2025-02-13 05:08:08
127,127_wrightrobert@hotmail.com,Jordan Alexander,"847 Harvey Square, West Amanda, MS 04549",pbkdf2:sha256:600000$UFli4n55vpvvCI56$73f0829bab0c879aeca525256d8b6d23451b9a178d64a0482b38b3dacf3bc7b0,2428.48,2025-04-21 00:01:58
128,128_courtneysilva@gmail.com,Zachary Cole,"771 Abigail Keys, Port Martin, WI 61322",pbkdf2:sha256:600000$DdzfjGzrjAWcaAJM$331bb773d377f5864929382a9c9ac01d56ea163e2c8a90cd7811eb3db1bf522b,3958.28,2025-05-23 16:42:00
129,129_hprince@gmail.com,Taylor Nielsen,"75874 Roberts Brooks, North Toddshire, LA 57406",pbkdf2:sha256:600000$H6ZhtiUgaAKVip1D$16921fb46ed353d243da75a17e3e3e00017a2da32f7b8723beafd08c5a681d66,2773.88,2025-08-21 18:18:35
130,130_calderondaniel@yahoo.com,Nicholas Johnson,"20554 Monroe Circles, West Danielton, TX 08107",pbkdf2:sha256:600000$Wjbj3C86eyUAkDcy$b817c12a478198947488b269e0d87a58d30262680e085f09b66c6bb490bcb4b9,2456.93,2025-03-23 22:39:43
131,131_jennifer49@hotmail.com,Daniel Barnes,"3482 Kennedy Fords, Hudsonmouth, MS 00915",pbkdf2:sha256:600000$pwOBSN6ZSx2nioAf$7a35a2b86fda3513fdafe10e0e6008783ed10c4646917936a5512159efc5d40b,1248.09,2025-11-09 21:11:15
132,132_janice37@hotmail.com,Anthony Williams,"60873 Billy Locks, New Christinefort, NY 44547",pbkdf2:sha256:600000$j9qoU3EP7c9yAMLY$cc8dfbcbc3893a7b337e9a7f0bbfe35d67d4d6f0238f96e1a4d5aece2eb8533c,612.52,2025-09-19 21:23:29
133,133_mary94@hotmail.com,Jeffrey Davis,"31019 Christopher Park Suite 092, Andersonport, KS 81630",pbkdf2:sha256:600000$8k9yVHGYLgA89bId$bfec0eb48b07b1c2bbdaaaee6d20a916bfb69fa6738bfc58982330351481bd60,-1017.68,2025-08-17 11:03:23
134,134_alexandrasingleton@hotmail.com,Christopher Osborne,"0202 Elizabeth Shoal Suite 957, Loritown, IN 75905",pbkdf2:sha256:600000$d45zYXdilHYJsnFI$bdba14e2fe6883358f11ca0faed485601e29caec17b0db949ecc3c72f48e6ced,3814.81,2025-06-10 06:02:29
135,135_ypena@hotmail.com,Angela Williams,"0748 Jack Ford Suite 324, Brownview, NM 06146",pbkdf2:sha256:600000$wzVCXs0tv445WpO2$b64ebca139d4c54933ae7db74b714141e86565aaebd752500c2a4added1d0ca1,1658.87,2025-11-25 05:26:19
136,136_michaelferguson@gmail.com,Kimberly Erickson,"6834 Jeffrey Mountain Suite 736, Cliffordton, VA 81711",pbkdf2:sha256:600000$E9MwwoZd0xxUHfAs$5d33afd4fef3d4d9e9778a591474b8d87ea14112ed58bdfe1f16478f18589a0b,89.67,2025-01-23 01:46:38
137,137_moorerandy@hotmail.com,Dr. Alexandra Anderson,"2919 Bell Plains, Georgetown, VT 08602",pbkdf2:sha256:600000$ToMDpgAY0rgGyDM8$2adb8e97e2c177835c395cf6911126ef155a0f7ee5608cc8349516ee97d4ae0a,-652.13,2025-10-09 21:36:29
138,138_jennifer06@yahoo.com,Mike Thompson,"1880 Davis Square, Millsborough, MP 86996",pbkdf2:sha256:600000$meOKjkkIgVw2RQFG$1989d8241bccb9b49edd99affa85ee7239348ea20e9f6f11b26d68bf9ca38c37,-487.01,2025-05-21 01:10:11
139,139_whitney87@hotmail.com,David Burnett,"Unit 2148 Box 4461, DPO AA 61634",pbkdf2:sha256:600000$IXcR7S13L8UhJyJT$4998850cdf39e8c0b6f58711c613ea8ac3ed1828269d490d98d9adbd4e37d53e,2462.23,2025-08-23 01:02:14
140,140_jason23@hotmail.com,Kenneth White,"0497 Stewart Walks, Alvarezville, ME 81474",pbkdf2:sha256:600000$8Qo629bNhI1ubUk2$8999bbd58e0e511ea117bd076a666c4d5808ea7618b77510effac880edefec25,3261.45,2025-02-08 14:08:18
141,141_brownsara@yahoo.com,William Johnston,"Unit 7687 Box 2109, DPO AP 55062",pbkdf2:sha256:600000$NgwvaYnXSaQ3dEvM$9b1a7ed6bc061bf8a82343ecaf77ddaf447f9457d19c20aab0b9113621645246,-115.93,2025-05-11 18:22:13
142,142_lopezjames@hotmail.com,Wayne Johnson,"81959 Eric Freeway Apt. 175, West Denisechester, WA 83289",pbkdf2:sha256:600000$Z2FJKhr4Meea215B$11d3d18ce3eff8b5c3790fea5ed389d18306a814a1ee10f0e258f78d0ab59447,1305.40,2025-03-02 07:03:37
143,143_leonardmarie@hotmail.com,Corey Robbins,"45051 Michael Expressway, West Susan, ME 04689",pbkdf2:sha256:600000$QIYjxlnjMmqJG8GQ$5c0caf76505f628d1e43a89cee09977c980225d76e3b420950fb494ada09f989,2189.59,2025-04-06 21:26:34
144,144_juliebarr@gmail.com,Angela Bright,"502 Jackson Field Apt. 962, West Samantha, NH 06434",pbkdf2:sha256:600000$KnWLYZ2fn8RdegPK$0ee260333e51269292ab0407d3228a476bab6009bd87af06cad8fc2352c3c1d2,-287.35,2025-03-07 08:29:04
145,145_raymond83@gmail.com,Miranda King,"66015 William Forest Suite 737, East Nathanielstad, MS 57995",pbkdf2:sha256:600000$uwaW4p2NnHQMtGWG$965890b170d8f2926952f42d27a8e269782ff50c11814e55e9dcf1a8e20e08c5,2075.11,2025-04-04 19:03:50
146,146_fcarey@gmail.com,Heather Thomas,"480 Frost Stravenue, Wisechester, IA 94077",pbkdf2:sha256:600000$eb1wIPiOV0hndiaV$2412bbb7473b8abbe82c8a7a2ef6ea3d120eaf31da0f4fe4dc5f6c768c79d745,367.33,2025-02-03 20:53:36
147,147_owensjeremy@hotmail.com,Zachary Hicks,"31631 Walters Harbors Apt. 489, Blanchardtown, NJ 66172",pbkdf2:sha256:600000$YlCCat833KBBAUMx$9a3c097e46d663a1615df433d70dbe78e6b94e23ca0c126cd10a6a5bedbbed2e,1853.84,2025-08-11 06:35:04
148,148_haydenmark@yahoo.com,Anthony Stone,"471 Steven Highway, West Matthew, CO 39956",pbkdf2:sha256:600000$TltAuVSX63p516Yl$e7a885bb4ef25ef19292b650f279075f126be1c449fca77de1a2dcced437a560,1958.40,2025-11-21 02:46:01
149,149_christopher49@hotmail.com,Kathy Keller,"918 Burgess Divide, Kathrynhaven, MD 74600",pbkdf2:sha256:600000$ltx2qN5gxCQhxf8i$8667a35f696a5975e49ceb4220e32e943d5d71b8ed981dd72332c1496d07bf93,2166.97,2025-08-03 21:18:30
150,150_ashleymiles@hotmail.com,Lisa Henderson,"6267 Sutton Gardens Suite 302, West Nancyfurt, OH 20381",pbkdf2:sha256:600000$0ZKjDUMoDbjbfW8C$535961cd073103e42f40da0c8cecd9c57b4fb1151b781851c0d0e5a96962dea3,121.42,2025-09-10 14:46:21
151,awefewaf@gmail.com,Test Super User,"123 Test Lane, Tech City",pbkdf2:sha256:600000$wMG4HLMOZT5ipJrT$268594e229dbe46cdb08e0a931303936e5df525755bcd7288c1b57c06b611559,99528.97,2025-07-29 02:31:44
